transaction_id,date,amount,card_number,merchant_id,location,time,fraud,Credit Card Type,Fraud detected Details,Credit Limit
479,2018-01-01,598,9353223383,647,Montreal,3,0,Visa,,"$15,000.00"
383,2018-01-02,857,5822978264,117,Calgary,6,1,American Express,Unusual or spammy email accounts,"$20,000.00"
888,2018-01-03,157,1255869295,881,Ottawa,10,0,Visa,,"$15,000.00"
488,2018-01-04,894,3035425295,776,Montreal,9,0,Mastercard,,"$5,000.00"
477,2018-01-05,816,9330980597,382,Toronto,10,0,Visa,,"$15,000.00"
252,2018-01-06,919,5562206150,546,Toronto,4,0,Visa,,"$5,000.00"
155,2018-01-07,929,3790040403,358,Toronto,2,1,Visa,Series of declined transactions in a row,"$30,000.00"
700,2018-01-08,24,4249733939,640,Montreal,9,0,Visa,Attempted Fraud Detected,"$20,000.00"
625,2018-01-09,595,2089780445,404,Toronto,1,0,American Express,,"$10,000.00"
822,2018-01-10,258,5118063218,377,Montreal,23,0,American Express,Attempted Fraud Detected,"$20,000.00"
381,2018-01-11,981,2948377966,237,Toronto,8,0,Mastercard,,"$10,000.00"
40,2018-01-12,157,9193215812,218,Calgary,6,0,American Express,,"$10,000.00"
623,2018-01-13,321,6823773810,319,Montreal,13,0,Visa,,"$5,000.00"
446,2018-01-14,800,8854628950,356,Calgary,15,0,Visa,,"$10,000.00"
773,2018-01-15,921,5000589845,659,Montreal,2,0,American Express,Attempted Fraud Detected,"$20,000.00"
257,2018-01-16,774,7038160606,609,Ottawa,12,0,Mastercard,,"$10,000.00"
719,2018-01-17,422,9561322785,300,Toronto,8,0,American Express,,"$5,000.00"
19,2018-01-18,406,5552331904,889,Toronto,8,0,American Express,,"$15,000.00"
29,2018-01-19,809,1885287150,459,Montreal,10,0,Visa,,"$5,000.00"
51,2018-01-20,764,5578950862,150,Montreal,12,0,Visa,,"$15,000.00"
420,2018-01-21,569,9531541813,857,Toronto,4,0,Visa,,"$15,000.00"
63,2018-01-22,331,7994105766,109,Toronto,12,0,Mastercard,,"$15,000.00"
370,2018-01-23,416,2338214880,343,Toronto,8,0,Visa,,"$5,000.00"
942,2018-01-24,932,9130025740,420,Calgary,22,0,Visa,Attempted Fraud Detected,"$20,000.00"
554,2018-01-25,145,9456165025,935,Toronto,6,1,Visa,Series of declined transactions in a row,"$20,000.00"
170,2018-01-26,904,6479346552,163,Toronto,6,0,Mastercard,,"$5,000.00"
138,2018-01-27,140,7048619239,104,Toronto,10,0,Visa,,"$5,000.00"
861,2018-01-28,739,7511670830,543,Calgary,10,1,Visa,Difference between shipping and billing addresses,"$20,000.00"
71,2018-01-29,719,3531260414,322,Montreal,17,0,Mastercard,,"$15,000.00"
998,2018-01-30,164,3520105273,584,Ottawa,15,0,American Express,,"$5,000.00"
107,2018-01-31,170,4313021656,308,Toronto,2,0,Visa,,"$15,000.00"
926,2018-02-01,400,1904620141,623,Montreal,2,0,Visa,,"$10,000.00"
374,2018-02-02,885,7363819492,156,Montreal,13,0,American Express,,"$5,000.00"
887,2018-02-03,382,9895668070,898,Calgary,16,0,Visa,,"$5,000.00"
468,2018-02-04,87,4781640394,768,Ottawa,8,0,Visa,,"$15,000.00"
958,2018-02-05,256,4710569956,994,Calgary,18,0,American Express,,"$10,000.00"
208,2018-02-06,67,5618167615,947,Calgary,21,1,American Express,Series of declined transactions in a row,"$20,000.00"
315,2018-02-07,680,1844658857,633,Montreal,22,1,Visa,An IP address that doesn't match the card address on file,"$20,000.00"
692,2018-02-08,45,1122297309,901,Toronto,2,0,American Express,,"$15,000.00"
631,2018-02-09,660,2959593373,353,Toronto,5,0,Mastercard,,"$10,000.00"
253,2018-02-10,221,9627859020,626,Montreal,6,0,Visa,Attempted Fraud Detected,"$20,000.00"
843,2018-02-11,423,6029414736,469,Toronto,13,0,Visa,,"$15,000.00"
608,2018-02-12,585,6952337643,247,Montreal,12,0,American Express,,"$10,000.00"
627,2018-02-13,63,7682756795,458,Montreal,6,0,Mastercard,,"$10,000.00"
902,2018-02-14,486,2114423613,524,Calgary,2,0,Visa,,"$5,000.00"
822,2018-02-15,761,3049151811,256,Toronto,17,0,Mastercard,,"$10,000.00"
349,2018-02-16,137,6398357086,182,Toronto,10,1,American Express,An IP address that doesn't match the card address on file,"$30,000.00"
842,2018-02-17,158,1152455816,832,Calgary,23,0,Mastercard,,"$5,000.00"
883,2018-02-18,934,4376927481,556,Calgary,2,0,Mastercard,,"$15,000.00"
161,2018-02-19,406,3684725735,673,Ottawa,5,0,Visa,,"$15,000.00"
4,2018-02-20,674,2018640013,828,Toronto,11,0,Mastercard,,"$5,000.00"
155,2018-02-21,760,7585517152,794,Montreal,23,0,Visa,,"$5,000.00"
789,2018-02-22,25,5040496573,653,Toronto,23,1,Mastercard,Difference between shipping and billing addresses,"$30,000.00"
128,2018-02-23,66,6064260844,670,Toronto,17,0,Visa,,"$15,000.00"
915,2018-02-24,633,2371009398,951,Toronto,17,0,American Express,,"$15,000.00"
837,2018-02-25,180,8972034759,992,Montreal,2,0,Mastercard,,"$10,000.00"
218,2018-02-26,802,9438827101,942,Toronto,12,1,Visa,An IP address that doesn't match the card address on file,"$20,000.00"
439,2018-02-27,105,3681267061,709,Calgary,22,1,American Express,An IP address that doesn't match the card address on file,"$30,000.00"
709,2018-02-28,10,8003088876,593,Montreal,21,1,Visa,Unusual or spammy email accounts,"$20,000.00"
154,2018-03-01,473,4641793532,118,Ottawa,13,0,Mastercard,,"$10,000.00"
319,2018-03-02,976,9227157463,604,Toronto,15,0,American Express,,"$15,000.00"
653,2018-03-03,698,1404195032,488,Calgary,11,0,Mastercard,,"$5,000.00"
67,2018-03-04,814,8689449329,254,Calgary,4,0,American Express,,"$15,000.00"
169,2018-03-05,748,1270248451,727,Calgary,14,0,Mastercard,Attempted Fraud Detected,"$20,000.00"
572,2018-03-06,483,9463277204,643,Ottawa,13,0,Visa,Attempted Fraud Detected,"$20,000.00"
914,2018-03-07,339,2628003211,663,Calgary,1,0,Mastercard,,"$5,000.00"
153,2018-03-08,367,5221887442,175,Toronto,18,0,Mastercard,,"$5,000.00"
490,2018-03-09,937,6800469074,700,Toronto,14,0,Mastercard,Attempted Fraud Detected,"$20,000.00"
956,2018-03-10,488,3768027067,925,Montreal,14,0,Mastercard,,"$5,000.00"
888,2018-03-11,76,6972529511,710,Toronto,17,0,American Express,,"$15,000.00"
109,2018-03-12,977,6053789506,853,Toronto,11,0,Visa,,"$5,000.00"
544,2018-03-13,988,7546536015,119,Toronto,15,0,Visa,Attempted Fraud Detected,"$20,000.00"
233,2018-03-14,607,3837590003,822,Montreal,17,0,Visa,,"$15,000.00"
202,2018-03-15,825,7041675339,128,Calgary,16,1,Visa,Unusual or spammy email accounts,"$30,000.00"
528,2018-03-16,466,1168772588,872,Montreal,5,0,Mastercard,,"$5,000.00"
791,2018-03-17,13,2503262907,419,Calgary,1,0,Mastercard,,"$5,000.00"
481,2018-03-18,312,6527895906,720,Toronto,9,0,American Express,,"$5,000.00"
897,2018-03-19,396,8122852229,624,Toronto,19,0,American Express,,"$10,000.00"
166,2018-03-20,506,1256026427,943,Toronto,7,0,Visa,,"$15,000.00"
866,2018-03-21,237,9414130117,174,Calgary,19,1,American Express,Unusual or spammy email accounts,"$20,000.00"
675,2018-03-22,935,4038503112,272,Ottawa,2,0,Visa,,"$5,000.00"
147,2018-03-23,762,2502022159,201,Calgary,1,0,American Express,,"$15,000.00"
872,2018-03-24,809,4368397176,433,Montreal,19,0,American Express,,"$15,000.00"
631,2018-03-25,935,9871724337,283,Ottawa,18,0,Mastercard,,"$10,000.00"
959,2018-03-26,314,3004151432,798,Toronto,21,0,Mastercard,,"$5,000.00"
718,2018-03-27,683,1888109019,274,Toronto,7,0,American Express,,"$15,000.00"
848,2018-03-28,360,7929064639,610,Toronto,21,0,Visa,,"$10,000.00"
143,2018-03-29,978,6052135794,781,Calgary,16,0,American Express,,"$15,000.00"
493,2018-03-30,599,6961514289,651,Toronto,0,1,Visa,Unusual or spammy email accounts,"$30,000.00"
108,2018-03-31,266,8379497007,187,Calgary,5,0,Mastercard,,"$15,000.00"
607,2018-04-01,32,8757145617,995,Toronto,5,0,Mastercard,,"$10,000.00"
349,2018-04-02,286,5347039543,875,Montreal,18,0,Mastercard,,"$15,000.00"
576,2018-04-03,70,1079435084,854,Montreal,1,0,Visa,,"$10,000.00"
640,2018-04-04,751,7373099344,343,Montreal,2,0,American Express,,"$10,000.00"
327,2018-04-05,574,8264039645,881,Calgary,6,0,Visa,,"$15,000.00"
472,2018-04-06,911,5413529527,851,Toronto,12,0,American Express,,"$5,000.00"
708,2018-04-07,464,1636019208,227,Calgary,9,0,Mastercard,,"$10,000.00"
417,2018-04-08,300,8107389044,841,Ottawa,10,0,Visa,,"$5,000.00"
758,2018-04-09,603,5196932744,236,Montreal,23,0,American Express,,"$15,000.00"
443,2018-04-10,428,1291645445,873,Calgary,9,0,Visa,,"$10,000.00"
833,2018-04-11,496,1283717070,357,Montreal,11,0,Visa,,"$5,000.00"
884,2018-04-12,477,2213010136,425,Toronto,17,0,Visa,,"$5,000.00"
307,2018-04-13,245,4898009553,931,Toronto,8,0,American Express,,"$15,000.00"
662,2018-04-14,834,3452705207,835,Ottawa,1,0,American Express,Attempted Fraud Detected,"$20,000.00"
638,2018-04-15,286,8102946900,361,Calgary,8,0,Visa,,"$10,000.00"
74,2018-04-16,936,4101533810,422,Toronto,14,0,American Express,,"$5,000.00"
470,2018-04-17,900,2220772783,612,Montreal,12,0,Mastercard,,"$15,000.00"
447,2018-04-18,1,9999631076,514,Montreal,23,0,Visa,,"$10,000.00"
325,2018-04-19,405,1045471772,775,Toronto,7,0,Mastercard,Attempted Fraud Detected,"$20,000.00"
428,2018-04-20,362,5787038320,707,Toronto,18,0,Mastercard,,"$10,000.00"
369,2018-04-21,842,5868033914,648,Calgary,8,0,American Express,,"$5,000.00"
719,2018-04-22,980,8059188260,759,Ottawa,19,0,American Express,,"$5,000.00"
750,2018-04-23,15,9578903567,476,Ottawa,5,1,Mastercard,Unusual or spammy email accounts,"$20,000.00"
807,2018-04-24,535,9794790107,621,Ottawa,10,0,American Express,,"$5,000.00"
851,2018-04-25,568,9084271752,352,Ottawa,5,0,Mastercard,,"$15,000.00"
348,2018-04-26,952,8260813589,830,Calgary,5,0,American Express,,"$5,000.00"
37,2018-04-27,769,4750811305,547,Montreal,8,0,American Express,,"$5,000.00"
258,2018-04-28,131,1011358330,129,Montreal,22,0,Mastercard,Attempted Fraud Detected,"$20,000.00"
958,2018-04-29,305,1249011605,537,Montreal,8,1,Mastercard,An IP address that doesn't match the card address on file,"$30,000.00"
115,2018-04-30,400,5119636524,616,Montreal,0,0,American Express,,"$5,000.00"
87,2018-05-01,302,5295287080,725,Montreal,19,0,Visa,,"$5,000.00"
69,2018-05-02,108,8022096157,577,Calgary,13,0,American Express,,"$5,000.00"
229,2018-05-03,934,3330093270,722,Ottawa,10,0,Visa,,"$15,000.00"
73,2018-05-04,531,1033846419,914,Toronto,19,0,Visa,,"$10,000.00"
734,2018-05-05,85,4320552613,217,Toronto,1,0,Visa,,"$10,000.00"
678,2018-05-06,616,1488289734,662,Montreal,3,0,Visa,,"$15,000.00"
510,2018-05-07,885,1624486157,629,Montreal,20,0,Mastercard,,"$10,000.00"
441,2018-05-08,691,4860922262,618,Toronto,2,0,Visa,,"$5,000.00"
764,2018-05-09,901,3515255438,523,Montreal,23,0,Visa,,"$10,000.00"
807,2018-05-10,541,5068654884,791,Toronto,0,0,Visa,,"$5,000.00"
153,2018-05-11,975,9856779982,263,Montreal,0,1,Visa,Difference between shipping and billing addresses,"$20,000.00"
347,2018-05-12,330,4692640196,630,Calgary,9,0,Visa,,"$10,000.00"
148,2018-05-13,802,1461731980,289,Montreal,19,0,Visa,,"$5,000.00"
101,2018-05-14,151,3121560688,403,Toronto,17,0,Visa,,"$5,000.00"
203,2018-05-15,484,4473189831,993,Calgary,23,0,Mastercard,,"$10,000.00"
135,2018-05-16,634,2933787988,891,Toronto,2,1,American Express,"Same address, different cards","$20,000.00"
720,2018-05-17,960,2866428585,715,Calgary,22,1,Visa,Difference between shipping and billing addresses,"$30,000.00"
567,2018-05-18,85,6401501911,757,Toronto,5,0,American Express,,"$5,000.00"
868,2018-05-19,629,9511122811,923,Ottawa,13,0,Mastercard,,"$5,000.00"
718,2018-05-20,993,4434700115,858,Montreal,21,0,Visa,Attempted Fraud Detected,"$20,000.00"
76,2018-05-21,313,8307500215,182,Toronto,7,0,American Express,,"$15,000.00"
817,2018-05-22,421,2501540316,377,Toronto,18,0,Visa,,"$10,000.00"
270,2018-05-23,436,4494608058,849,Montreal,11,0,Visa,,"$5,000.00"
32,2018-05-24,8,3288370972,265,Montreal,21,0,Visa,,"$15,000.00"
716,2018-05-25,301,6627658802,636,Toronto,21,0,Mastercard,,"$5,000.00"
323,2018-05-26,424,7932241989,902,Calgary,15,0,Mastercard,,"$5,000.00"
958,2018-05-27,678,8873122189,620,Calgary,17,0,American Express,,"$10,000.00"
947,2018-05-28,809,4850865800,526,Montreal,18,0,Visa,,"$15,000.00"
526,2018-05-29,155,5533817439,951,Montreal,1,0,Mastercard,,"$15,000.00"
155,2018-05-30,354,3715102978,678,Calgary,0,0,Mastercard,,"$15,000.00"
912,2018-05-31,504,1558868252,249,Toronto,4,0,Visa,,"$5,000.00"
258,2018-06-01,232,2058408184,515,Toronto,23,0,Mastercard,,"$10,000.00"
409,2018-06-02,324,5625372562,253,Toronto,6,0,American Express,,"$15,000.00"
820,2018-06-03,511,4852794987,795,Toronto,4,0,Mastercard,,"$10,000.00"
618,2018-06-04,694,1942926188,345,Toronto,22,0,Visa,,"$15,000.00"
448,2018-06-05,682,8206430212,910,Calgary,1,0,Visa,,"$15,000.00"
473,2018-06-06,845,9795192121,149,Toronto,16,0,American Express,,"$10,000.00"
999,2018-06-07,125,6542782597,573,Calgary,20,1,Visa,Difference between shipping and billing addresses,"$20,000.00"
479,2018-06-08,619,8755128274,411,Montreal,21,0,Mastercard,Attempted Fraud Detected,"$20,000.00"
572,2018-06-09,534,2316586307,858,Calgary,9,0,Mastercard,,"$15,000.00"
358,2018-06-10,949,4764367428,843,Toronto,11,0,American Express,,"$15,000.00"
797,2018-06-11,941,1738344820,664,Montreal,12,0,American Express,,"$15,000.00"
6,2018-06-12,422,4212216293,251,Montreal,22,0,Mastercard,,"$5,000.00"
32,2018-06-13,80,9965183235,846,Montreal,5,0,Visa,,"$15,000.00"
709,2018-06-14,523,8466671091,310,Toronto,14,0,American Express,,"$15,000.00"
956,2018-06-15,509,2742172897,335,Toronto,22,0,Mastercard,,"$10,000.00"
962,2018-06-16,315,5646299495,572,Toronto,20,0,Visa,,"$15,000.00"
986,2018-06-17,114,6049673032,987,Toronto,13,0,Mastercard,,"$5,000.00"
482,2018-06-18,820,5020970666,524,Montreal,18,0,Mastercard,,"$5,000.00"
516,2018-06-19,338,6538893472,849,Toronto,17,0,American Express,,"$10,000.00"
291,2018-06-20,816,2453555756,747,Toronto,6,0,American Express,Attempted Fraud Detected,"$20,000.00"
916,2018-06-21,910,8536809349,789,Montreal,19,0,American Express,,"$15,000.00"
739,2018-06-22,357,6863613057,608,Montreal,10,0,American Express,,"$5,000.00"
865,2018-06-23,556,1577539215,798,Montreal,1,0,American Express,,"$10,000.00"
119,2018-06-24,464,9653801424,174,Montreal,9,0,American Express,,"$10,000.00"
496,2018-06-25,309,2296703592,905,Toronto,5,0,Visa,Attempted Fraud Detected,"$20,000.00"
441,2018-06-26,680,4105614840,538,Toronto,20,0,American Express,,"$10,000.00"
203,2018-06-27,19,3276550788,113,Toronto,23,0,Mastercard,,"$15,000.00"
797,2018-06-28,61,8622199828,941,Ottawa,6,1,Visa,Multiple attempts to incorrectly enter the card number,"$30,000.00"
3,2018-06-29,176,8683087262,276,Toronto,14,0,American Express,,"$5,000.00"
814,2018-06-30,485,8278379017,619,Calgary,19,0,Visa,,"$10,000.00"
619,2018-07-01,125,3051251765,156,Calgary,12,0,American Express,,"$10,000.00"
706,2018-07-02,389,7984433609,350,Toronto,7,0,Mastercard,,"$15,000.00"
212,2018-07-03,383,1225346797,400,Toronto,20,0,Mastercard,,"$15,000.00"
119,2018-07-04,504,3594537084,225,Toronto,11,0,American Express,,"$5,000.00"
345,2018-07-05,874,7224987720,693,Montreal,18,0,Visa,,"$5,000.00"
698,2018-07-06,216,1339812776,365,Toronto,12,1,Visa,Series of declined transactions in a row,"$30,000.00"
299,2018-07-07,18,2397343606,912,Toronto,22,0,Mastercard,,"$10,000.00"
370,2018-07-08,319,3047401572,892,Montreal,20,0,Mastercard,,"$15,000.00"
15,2018-07-09,785,1435900749,407,Ottawa,4,0,Visa,,"$10,000.00"
534,2018-07-10,139,3015749273,862,Montreal,16,0,American Express,Attempted Fraud Detected,"$20,000.00"
817,2018-07-11,70,1134398680,895,Calgary,12,0,American Express,,"$15,000.00"
828,2018-07-12,621,1894665719,611,Montreal,11,0,Visa,,"$15,000.00"
541,2018-07-13,631,5220272093,686,Calgary,16,0,Mastercard,,"$15,000.00"
292,2018-07-14,98,2348509026,685,Montreal,11,0,American Express,,"$15,000.00"
810,2018-07-15,320,1707667334,484,Toronto,3,0,Mastercard,,"$15,000.00"
253,2018-07-16,71,7201323833,434,Calgary,18,0,American Express,,"$10,000.00"
955,2018-07-17,786,1437665080,944,Toronto,9,0,Visa,,"$10,000.00"
923,2018-07-18,497,9024660272,434,Toronto,6,0,Visa,,"$5,000.00"
510,2018-07-19,959,2792349677,336,Calgary,15,0,American Express,,"$10,000.00"
216,2018-07-20,416,7493375757,396,Ottawa,19,0,American Express,,"$15,000.00"
541,2018-07-21,211,2183361926,420,Toronto,18,0,Visa,,"$10,000.00"
435,2018-07-22,524,8011244587,464,Calgary,20,0,Mastercard,,"$10,000.00"
164,2018-07-23,991,1262348599,380,Toronto,8,0,American Express,,"$10,000.00"
956,2018-07-24,195,8405091555,940,Montreal,3,0,Mastercard,,"$15,000.00"
692,2018-07-25,696,1377501789,550,Calgary,4,0,Mastercard,,"$10,000.00"
759,2018-07-26,851,1836740306,366,Montreal,20,0,Mastercard,,"$5,000.00"
329,2018-07-27,408,8307218498,472,Ottawa,0,0,American Express,,"$15,000.00"
573,2018-07-28,522,5087030481,181,Ottawa,17,0,Visa,,"$10,000.00"
519,2018-07-29,303,3130879164,293,Calgary,5,0,American Express,Attempted Fraud Detected,"$20,000.00"
942,2018-07-30,725,7506696684,257,Montreal,0,0,American Express,,"$5,000.00"
962,2018-07-31,486,1867289898,910,Ottawa,3,1,American Express,Series of declined transactions in a row,"$20,000.00"
656,2018-08-01,787,7704516677,706,Montreal,5,0,Visa,,"$10,000.00"
241,2018-08-02,789,8701358847,930,Montreal,22,0,American Express,,"$10,000.00"
632,2018-08-03,450,5912267349,754,Toronto,8,0,Visa,,"$10,000.00"
61,2018-08-04,980,3666732998,622,Toronto,12,1,Visa,An IP address that doesn't match the card address on file,"$30,000.00"
131,2018-08-05,622,1141507880,635,Montreal,0,0,Mastercard,,"$10,000.00"
930,2018-08-06,683,5671018709,711,Toronto,22,1,Visa,Series of declined transactions in a row,"$20,000.00"
538,2018-08-07,808,3396069760,244,Montreal,1,0,American Express,,"$10,000.00"
83,2018-08-08,299,8318965202,754,Montreal,9,0,Visa,,"$5,000.00"
651,2018-08-09,194,3542847121,518,Toronto,0,0,American Express,,"$15,000.00"
8,2018-08-10,402,1742822533,919,Ottawa,5,1,Mastercard,Unusual or spammy email accounts,"$30,000.00"
628,2018-08-11,968,1250572612,741,Calgary,9,1,American Express,An IP address that doesn't match the card address on file,"$20,000.00"
366,2018-08-12,585,4950510781,379,Calgary,14,1,Mastercard,An IP address that doesn't match the card address on file,"$30,000.00"
422,2018-08-13,36,1414382847,995,Toronto,3,1,Mastercard,Unusual or spammy email accounts,"$30,000.00"
996,2018-08-14,699,2561924109,775,Toronto,20,0,American Express,,"$5,000.00"
88,2018-08-15,485,3400700906,695,Toronto,19,1,American Express,Difference between shipping and billing addresses,"$20,000.00"
80,2018-08-16,24,8606237627,345,Toronto,21,0,Visa,,"$5,000.00"
745,2018-08-17,824,3463214395,563,Montreal,7,0,Mastercard,,"$10,000.00"
677,2018-08-18,689,7691035718,993,Ottawa,0,0,American Express,,"$5,000.00"
876,2018-08-19,165,7611124315,466,Toronto,3,0,Mastercard,,"$10,000.00"
293,2018-08-20,967,8215978665,778,Calgary,10,0,Visa,,"$15,000.00"
439,2018-08-21,384,8109038759,409,Montreal,14,0,Visa,,"$15,000.00"
563,2018-08-22,741,3527243860,324,Calgary,8,0,American Express,Attempted Fraud Detected,"$20,000.00"
860,2018-08-23,971,4148248129,177,Montreal,23,0,Visa,,"$5,000.00"
853,2018-08-24,593,7226340428,278,Montreal,7,0,Mastercard,,"$5,000.00"
666,2018-08-25,388,3815783876,727,Toronto,15,0,Mastercard,,"$5,000.00"
831,2018-08-26,892,3771270605,211,Toronto,3,0,Mastercard,,"$10,000.00"
939,2018-08-27,572,7135870319,668,Calgary,8,0,Mastercard,Attempted Fraud Detected,"$20,000.00"
872,2018-08-28,649,1837410944,628,Calgary,1,1,Mastercard,Difference between shipping and billing addresses,"$20,000.00"
980,2018-08-29,167,2224069238,485,Montreal,16,0,Visa,,"$10,000.00"
20,2018-08-30,222,2940548266,562,Toronto,12,0,Mastercard,,"$10,000.00"
357,2018-08-31,607,5375259029,395,Montreal,6,0,American Express,,"$10,000.00"
87,2018-09-01,767,2297990769,849,Calgary,17,0,American Express,,"$10,000.00"
189,2018-09-02,756,3756006947,775,Toronto,0,0,American Express,,"$5,000.00"
489,2018-09-03,671,6088717106,731,Calgary,13,0,Mastercard,,"$15,000.00"
262,2018-09-04,216,8921758378,886,Toronto,10,0,American Express,,"$5,000.00"
911,2018-09-05,301,1268112693,904,Calgary,18,0,American Express,,"$15,000.00"
90,2018-09-06,704,7850367414,156,Montreal,8,0,Visa,,"$10,000.00"
619,2018-09-07,96,1201759294,465,Toronto,17,0,Visa,,"$15,000.00"
714,2018-09-08,560,8525444019,577,Calgary,4,0,Visa,Attempted Fraud Detected,"$20,000.00"
550,2018-09-09,158,6265745451,429,Toronto,3,0,Visa,,"$5,000.00"
458,2018-09-10,238,2412165082,345,Ottawa,0,0,Mastercard,Attempted Fraud Detected,"$20,000.00"
999,2018-09-11,198,6141841187,887,Ottawa,16,0,Visa,,"$15,000.00"
855,2018-09-12,99,9226108114,304,Toronto,0,0,American Express,,"$10,000.00"
593,2018-09-13,133,1705460689,846,Toronto,3,1,Mastercard,Series of declined transactions in a row,"$20,000.00"
50,2018-09-14,235,6518689857,460,Montreal,23,0,Visa,,"$15,000.00"
267,2018-09-15,772,1101842650,369,Calgary,14,0,Mastercard,,"$10,000.00"
61,2018-09-16,255,9078381024,920,Montreal,8,0,American Express,,"$15,000.00"
328,2018-09-17,103,3855079256,671,Montreal,14,1,Mastercard,Multiple attempts to incorrectly enter the card number,"$20,000.00"
963,2018-09-18,18,5920474531,907,Toronto,11,0,American Express,,"$15,000.00"
83,2018-09-19,584,5195364508,683,Calgary,18,0,American Express,,"$5,000.00"
647,2018-09-20,986,5167249001,654,Toronto,12,0,Visa,,"$15,000.00"
35,2018-09-21,357,9554558447,354,Calgary,19,0,American Express,,"$5,000.00"
968,2018-09-22,347,1983918737,514,Toronto,17,0,Visa,,"$5,000.00"
592,2018-09-23,218,5630523547,935,Toronto,11,0,Visa,,"$15,000.00"
287,2018-09-24,171,2543088325,463,Montreal,11,0,Visa,,"$10,000.00"
143,2018-09-25,487,2913271345,667,Calgary,4,0,American Express,,"$5,000.00"
641,2018-09-26,221,4047030374,784,Toronto,7,0,Visa,,"$5,000.00"
671,2018-09-27,708,5285872236,932,Montreal,10,0,Mastercard,,"$5,000.00"
186,2018-09-28,439,6885760747,841,Toronto,4,0,Visa,Attempted Fraud Detected,"$20,000.00"
632,2018-09-29,144,7556498435,229,Montreal,9,0,Visa,,"$15,000.00"
178,2018-09-30,510,6368202671,697,Montreal,23,0,American Express,,"$10,000.00"
44,2018-10-01,984,9308352719,665,Montreal,10,0,American Express,,"$10,000.00"
365,2018-10-02,804,9830902498,836,Toronto,7,0,Mastercard,,"$5,000.00"
826,2018-10-03,271,2093172612,682,Toronto,8,0,American Express,,"$15,000.00"
126,2018-10-04,785,1755946680,931,Calgary,10,1,American Express,Unusual or spammy email accounts,"$20,000.00"
860,2018-10-05,183,1107333995,269,Montreal,11,0,Visa,,"$10,000.00"
694,2018-10-06,137,2070572043,245,Toronto,13,0,Mastercard,,"$15,000.00"
289,2018-10-07,446,9538833139,462,Montreal,9,0,Mastercard,,"$10,000.00"
474,2018-10-08,220,8152703953,381,Toronto,7,0,Visa,,"$10,000.00"
551,2018-10-09,689,3481181003,714,Ottawa,8,0,Visa,,"$5,000.00"
697,2018-10-10,987,8177191812,328,Montreal,6,0,American Express,,"$15,000.00"
457,2018-10-11,150,7775124580,637,Montreal,14,0,Visa,,"$15,000.00"
514,2018-10-12,715,8696997204,751,Montreal,6,0,Visa,,"$5,000.00"
163,2018-10-13,539,1524121169,877,Montreal,15,0,Visa,,"$15,000.00"
756,2018-10-14,173,8039526101,170,Calgary,9,0,American Express,,"$10,000.00"
540,2018-10-15,35,6729829020,201,Calgary,20,0,Visa,,"$5,000.00"
22,2018-10-16,743,4779923876,712,Toronto,12,0,American Express,,"$10,000.00"
538,2018-10-17,701,4758621898,707,Calgary,13,0,American Express,,"$15,000.00"
290,2018-10-18,760,9748546637,186,Toronto,2,0,Mastercard,,"$5,000.00"
18,2018-10-19,495,3217997704,243,Ottawa,19,0,American Express,,"$10,000.00"
165,2018-10-20,341,3947570057,973,Montreal,11,0,Mastercard,,"$5,000.00"
231,2018-10-21,476,2719883449,412,Toronto,5,0,Visa,,"$15,000.00"
677,2018-10-22,1,9972059381,926,Toronto,21,0,Visa,,"$10,000.00"
227,2018-10-23,957,4861598797,553,Toronto,4,0,American Express,,"$5,000.00"
994,2018-10-24,771,5732320393,773,Montreal,23,0,Mastercard,,"$15,000.00"
277,2018-10-25,180,9210926466,906,Toronto,21,0,American Express,,"$15,000.00"
11,2018-10-26,984,6408524135,151,Ottawa,1,0,American Express,,"$5,000.00"
33,2018-10-27,192,9869084232,824,Toronto,19,1,Mastercard,Series of declined transactions in a row,"$30,000.00"
402,2018-10-28,51,1563153972,334,Montreal,7,0,Visa,,"$15,000.00"
343,2018-10-29,994,5429579364,830,Montreal,11,0,American Express,,"$15,000.00"
806,2018-10-30,273,1191195673,684,Calgary,16,0,American Express,,"$5,000.00"
469,2018-10-31,715,5088199493,984,Montreal,17,0,American Express,,"$5,000.00"
128,2018-11-01,377,7242223819,582,Montreal,6,0,Mastercard,,"$15,000.00"
378,2018-11-02,227,2768302286,165,Montreal,23,0,Mastercard,,"$5,000.00"
850,2018-11-03,940,8760254310,453,Ottawa,1,0,Visa,,"$5,000.00"
494,2018-11-04,514,9137932933,731,Montreal,1,0,American Express,,"$15,000.00"
107,2018-11-05,892,2623639782,725,Toronto,18,0,Mastercard,,"$15,000.00"
221,2018-11-06,483,5161736181,586,Montreal,5,0,American Express,,"$5,000.00"
956,2018-11-07,825,7962044540,658,Ottawa,8,0,Visa,,"$10,000.00"
902,2018-11-08,945,8794164476,679,Toronto,8,0,Visa,Attempted Fraud Detected,"$20,000.00"
801,2018-11-09,995,6522478841,130,Toronto,8,0,Visa,Attempted Fraud Detected,"$20,000.00"
716,2018-11-10,75,5685319549,727,Ottawa,2,0,Visa,,"$10,000.00"
251,2018-11-11,9,4120889763,234,Calgary,11,1,Visa,Unusual or spammy email accounts,"$20,000.00"
471,2018-11-12,529,8566610863,310,Toronto,14,0,Visa,,"$5,000.00"
522,2018-11-13,884,1391605760,472,Calgary,5,0,American Express,,"$5,000.00"
59,2018-11-14,392,6785256243,350,Montreal,3,0,Visa,Attempted Fraud Detected,"$20,000.00"
714,2018-11-15,906,5041124632,759,Montreal,9,0,Visa,,"$15,000.00"
997,2018-11-16,187,8360262082,502,Calgary,22,0,Visa,,"$10,000.00"
943,2018-11-17,218,5091928713,849,Toronto,15,1,Mastercard,Unusual or spammy email accounts,"$20,000.00"
216,2018-11-18,992,8653183595,667,Toronto,10,0,Visa,Attempted Fraud Detected,"$20,000.00"
387,2018-11-19,172,8932073449,689,Toronto,7,0,American Express,Attempted Fraud Detected,"$20,000.00"
813,2018-11-20,896,7191295747,771,Ottawa,9,0,Mastercard,,"$10,000.00"
859,2018-11-21,625,6569123687,424,Toronto,3,0,American Express,,"$5,000.00"
781,2018-11-22,375,9174067869,875,Montreal,2,0,Visa,,"$15,000.00"
941,2018-11-23,770,6741537583,618,Montreal,4,0,Visa,,"$5,000.00"
833,2018-11-24,112,1318616552,515,Toronto,5,0,Visa,,"$5,000.00"
247,2018-11-25,530,9794194314,828,Montreal,23,0,American Express,,"$10,000.00"
317,2018-11-26,459,3193031437,790,Montreal,18,0,American Express,,"$15,000.00"
587,2018-11-27,882,4601730768,560,Calgary,18,0,American Express,,"$15,000.00"
355,2018-11-28,545,5392325883,543,Toronto,17,0,Mastercard,Attempted Fraud Detected,"$20,000.00"
719,2018-11-29,138,1296818862,361,Calgary,1,0,American Express,,"$10,000.00"
965,2018-11-30,559,2089329175,322,Montreal,7,0,American Express,,"$10,000.00"
695,2018-12-01,809,3172756654,126,Montreal,13,0,Visa,,"$10,000.00"
390,2018-12-02,794,4409311243,801,Ottawa,21,0,Visa,,"$15,000.00"
755,2018-12-03,50,8438473384,158,Toronto,2,0,Visa,,"$5,000.00"
510,2018-12-04,575,9375031503,438,Montreal,22,0,Visa,,"$15,000.00"
905,2018-12-05,377,8773775510,382,Toronto,23,0,Visa,,"$5,000.00"
739,2018-12-06,743,4146481035,279,Toronto,17,0,American Express,,"$15,000.00"
731,2018-12-07,179,6769093419,415,Montreal,23,0,American Express,,"$10,000.00"
84,2018-12-08,46,8500041837,302,Toronto,10,0,Visa,,"$10,000.00"
276,2018-12-09,378,3687251296,240,Calgary,17,0,Mastercard,,"$10,000.00"
879,2018-12-10,861,6381352665,343,Calgary,13,0,Mastercard,,"$5,000.00"
942,2018-12-11,683,1093676650,887,Calgary,21,0,Visa,,"$15,000.00"
285,2018-12-12,328,8736158601,385,Montreal,22,0,Mastercard,,"$15,000.00"
660,2018-12-13,649,2594384480,580,Montreal,23,0,Mastercard,,"$10,000.00"
390,2018-12-14,14,6731423041,338,Montreal,17,0,Mastercard,,"$5,000.00"
299,2018-12-15,835,8294532374,296,Calgary,13,0,Visa,,"$5,000.00"
298,2018-12-16,621,7822665398,934,Calgary,0,0,American Express,,"$5,000.00"
901,2018-12-17,757,3493880641,192,Toronto,2,0,Visa,,"$10,000.00"
305,2018-12-18,379,9376230543,379,Ottawa,20,0,Visa,,"$15,000.00"
394,2018-12-19,677,5434851347,265,Toronto,23,0,American Express,,"$10,000.00"
289,2018-12-20,319,5690671544,664,Toronto,15,0,Mastercard,,"$5,000.00"
238,2018-12-21,431,4388838313,382,Toronto,0,0,American Express,,"$15,000.00"
896,2018-12-22,761,5579197053,620,Toronto,21,0,Visa,,"$15,000.00"
240,2018-12-23,3,5103563235,273,Calgary,16,0,Visa,,"$10,000.00"
448,2018-12-24,357,6078242713,607,Calgary,2,0,Mastercard,,"$15,000.00"
787,2018-12-25,261,3404411038,600,Toronto,23,0,American Express,,"$10,000.00"
645,2018-12-26,41,1533584729,754,Montreal,2,0,Mastercard,,"$10,000.00"
34,2018-12-27,347,9414403559,546,Ottawa,22,1,American Express,Multiple attempts to incorrectly enter the card number,"$20,000.00"
287,2018-12-28,123,1130498015,224,Calgary,0,0,Visa,Attempted Fraud Detected,"$20,000.00"
141,2018-12-29,820,7581156308,645,Montreal,10,0,Mastercard,,"$15,000.00"
736,2018-12-30,334,9624592725,110,Toronto,21,0,Visa,,"$10,000.00"
792,2018-12-31,1000,6282301171,907,Toronto,10,0,Mastercard,,"$15,000.00"
989,2019-01-01,447,8352363485,293,Calgary,5,1,Mastercard,"Same address, different cards","$20,000.00"
873,2019-01-02,578,6648263811,948,Ottawa,7,0,Visa,,"$10,000.00"
750,2019-01-03,602,5610436569,902,Calgary,19,1,Visa,Series of declined transactions in a row,"$20,000.00"
400,2019-01-04,880,7631791750,878,Toronto,9,0,Mastercard,Attempted Fraud Detected,"$20,000.00"
696,2019-01-05,691,7490660227,427,Calgary,13,1,Visa,Unusual or spammy email accounts,"$30,000.00"
569,2019-01-06,445,9666018859,409,Calgary,19,0,Visa,,"$5,000.00"
792,2019-01-07,686,2922314524,127,Ottawa,13,0,Visa,Attempted Fraud Detected,"$20,000.00"
918,2019-01-08,22,5533738391,899,Toronto,2,0,American Express,,"$5,000.00"
2,2019-01-09,992,4913431732,412,Montreal,4,0,Visa,,"$15,000.00"
877,2019-01-10,821,5146870501,543,Toronto,23,0,American Express,,"$10,000.00"
247,2019-01-11,548,9622294084,761,Calgary,12,0,Mastercard,,"$15,000.00"
141,2019-01-12,966,1969179009,814,Toronto,16,0,Mastercard,,"$15,000.00"
888,2019-01-13,237,2364446798,694,Calgary,16,0,American Express,,"$15,000.00"
914,2019-01-14,996,1397101208,107,Toronto,14,0,American Express,,"$10,000.00"
53,2019-01-15,656,3802394366,580,Montreal,5,0,American Express,,"$10,000.00"
464,2019-01-16,757,6034288064,950,Toronto,22,1,Visa,Series of declined transactions in a row,"$20,000.00"
383,2019-01-17,148,7375001969,268,Toronto,6,0,Visa,Attempted Fraud Detected,"$20,000.00"
384,2019-01-18,649,6824789519,406,Ottawa,3,0,Mastercard,Attempted Fraud Detected,"$20,000.00"
244,2019-01-19,624,1627408700,864,Montreal,8,0,American Express,,"$10,000.00"
553,2019-01-20,224,6519650214,997,Toronto,18,1,American Express,Series of declined transactions in a row,"$20,000.00"
800,2019-01-21,435,2544749990,520,Ottawa,5,0,American Express,,"$15,000.00"
973,2019-01-22,930,3705863646,697,Ottawa,15,0,Visa,Attempted Fraud Detected,"$20,000.00"
582,2019-01-23,220,1688572107,163,Calgary,3,0,Visa,,"$15,000.00"
560,2019-01-24,692,4354742336,157,Toronto,10,0,American Express,,"$5,000.00"
606,2019-01-25,555,2125178754,851,Montreal,3,1,Visa,Difference between shipping and billing addresses,"$30,000.00"
534,2019-01-26,58,6704258639,833,Toronto,4,0,Visa,Attempted Fraud Detected,"$20,000.00"
989,2019-01-27,620,4284930904,783,Calgary,22,1,Mastercard,Difference between shipping and billing addresses,"$20,000.00"
910,2019-01-28,72,5207861070,970,Calgary,14,0,Mastercard,,"$15,000.00"
268,2019-01-29,369,1433243341,145,Toronto,3,0,American Express,,"$10,000.00"
490,2019-01-30,485,5844238217,936,Montreal,18,0,Visa,,"$10,000.00"
901,2019-01-31,542,2457332428,816,Montreal,23,0,Visa,Attempted Fraud Detected,"$20,000.00"
160,2019-02-01,392,7908911826,389,Montreal,1,0,Mastercard,,"$15,000.00"
980,2019-02-02,80,6500269685,723,Montreal,10,0,Mastercard,Attempted Fraud Detected,"$20,000.00"
235,2019-02-03,858,1931403225,160,Toronto,22,0,Visa,,"$10,000.00"
867,2019-02-04,212,9437745476,407,Toronto,4,0,Mastercard,Attempted Fraud Detected,"$20,000.00"
431,2019-02-05,832,4779027500,518,Calgary,9,0,Mastercard,Attempted Fraud Detected,"$20,000.00"
653,2019-02-06,522,5329625591,915,Montreal,11,0,Visa,,"$10,000.00"
646,2019-02-07,222,3501928761,737,Ottawa,1,0,Visa,,"$5,000.00"
576,2019-02-08,631,3046356401,626,Toronto,19,0,Mastercard,,"$10,000.00"
885,2019-02-09,303,7224882281,586,Montreal,6,0,Visa,Attempted Fraud Detected,"$20,000.00"
373,2019-02-10,558,5250334718,221,Toronto,10,0,Visa,,"$10,000.00"
299,2019-02-11,395,6069159945,737,Ottawa,23,0,American Express,,"$15,000.00"
500,2019-02-12,928,7550248216,259,Ottawa,13,0,Visa,,"$10,000.00"
289,2019-02-13,849,2550270755,538,Montreal,13,0,Visa,,"$15,000.00"
436,2019-02-14,854,9035013634,951,Toronto,20,0,American Express,Attempted Fraud Detected,"$20,000.00"
437,2019-02-15,942,1679008729,858,Toronto,1,0,Visa,Attempted Fraud Detected,"$20,000.00"
51,2019-02-16,313,1006973994,955,Toronto,15,0,Visa,,"$10,000.00"
557,2019-02-17,1000,4621987339,596,Montreal,2,0,Visa,,"$15,000.00"
578,2019-02-18,836,8015306328,325,Montreal,5,0,Visa,,"$5,000.00"
431,2019-02-19,539,6909930198,490,Toronto,1,0,Visa,Attempted Fraud Detected,"$20,000.00"
416,2019-02-20,219,2215018222,902,Montreal,3,0,Mastercard,,"$15,000.00"
573,2019-02-21,664,3529616734,891,Toronto,7,0,American Express,Attempted Fraud Detected,"$20,000.00"
568,2019-02-22,592,4618132666,739,Ottawa,13,1,American Express,An IP address that doesn't match the card address on file,"$30,000.00"
115,2019-02-23,861,6853751278,959,Toronto,22,0,American Express,,"$15,000.00"
517,2019-02-24,483,5571435534,711,Calgary,2,0,American Express,,"$15,000.00"
218,2019-02-25,705,1221527869,240,Ottawa,11,1,Mastercard,Difference between shipping and billing addresses,"$30,000.00"
410,2019-02-26,883,2502014381,797,Toronto,5,0,Mastercard,,"$10,000.00"
577,2019-02-27,562,7325096576,243,Calgary,18,0,Visa,Attempted Fraud Detected,"$20,000.00"
452,2019-02-28,180,4426016165,189,Toronto,15,0,Visa,,"$5,000.00"
81,2019-03-01,796,4352829016,154,Montreal,21,0,American Express,Attempted Fraud Detected,"$20,000.00"
519,2019-03-02,629,4672093372,891,Montreal,16,0,Visa,,"$5,000.00"
933,2019-03-03,996,6891277904,668,Montreal,19,0,American Express,,"$10,000.00"
381,2019-03-04,720,8143432727,892,Calgary,4,1,Mastercard,An IP address that doesn't match the card address on file,"$30,000.00"
548,2019-03-05,198,8547016822,959,Ottawa,2,1,Visa,Series of declined transactions in a row,"$30,000.00"
32,2019-03-06,412,5145173931,611,Toronto,2,0,American Express,Attempted Fraud Detected,"$20,000.00"
269,2019-03-07,133,9573709150,605,Calgary,15,0,Visa,,"$15,000.00"
81,2019-03-08,231,8870126280,912,Ottawa,8,0,American Express,,"$5,000.00"
293,2019-03-09,807,4429991976,500,Montreal,19,1,Visa,Difference between shipping and billing addresses,"$30,000.00"
960,2019-03-10,983,8609429758,866,Montreal,3,0,American Express,,"$10,000.00"
184,2019-03-11,932,9718366679,854,Calgary,13,0,Visa,,"$10,000.00"
486,2019-03-12,14,3576880894,120,Toronto,19,0,Mastercard,,"$5,000.00"
331,2019-03-13,204,7530479016,529,Toronto,18,0,Visa,Attempted Fraud Detected,"$20,000.00"
924,2019-03-14,160,1593622771,467,Montreal,11,0,American Express,Attempted Fraud Detected,"$20,000.00"
403,2019-03-15,928,5345937186,632,Toronto,21,0,American Express,,"$15,000.00"
759,2019-03-16,565,4127767729,459,Toronto,2,0,Visa,,"$15,000.00"
439,2019-03-17,566,5059645074,340,Montreal,17,0,Visa,,"$15,000.00"
58,2019-03-18,300,1846970463,722,Toronto,13,0,American Express,,"$10,000.00"
777,2019-03-19,843,7053587219,806,Calgary,4,0,Visa,,"$15,000.00"
575,2019-03-20,186,4645169275,424,Calgary,16,0,American Express,,"$5,000.00"
594,2019-03-21,889,6566259487,765,Toronto,16,0,Visa,Attempted Fraud Detected,"$20,000.00"
77,2019-03-22,280,7188936761,356,Montreal,0,0,American Express,,"$10,000.00"
956,2019-03-23,228,6843313103,971,Montreal,1,1,Mastercard,Unusual or spammy email accounts,"$30,000.00"
6,2019-03-24,61,5986266594,667,Montreal,10,0,Mastercard,,"$5,000.00"
491,2019-03-25,51,1441370591,303,Toronto,16,0,American Express,,"$5,000.00"
546,2019-03-26,357,8410118004,563,Toronto,3,0,Visa,Attempted Fraud Detected,"$20,000.00"
265,2019-03-27,633,5227453094,271,Montreal,20,0,Visa,Attempted Fraud Detected,"$20,000.00"
449,2019-03-28,361,9394543969,569,Toronto,12,0,Visa,Attempted Fraud Detected,"$20,000.00"
299,2019-03-29,80,9355964582,523,Montreal,0,0,Visa,Attempted Fraud Detected,"$20,000.00"
360,2019-03-30,332,5680087832,676,Toronto,13,0,Visa,,"$5,000.00"
655,2019-03-31,762,3242361924,949,Calgary,17,0,Mastercard,,"$10,000.00"
207,2019-04-01,836,1031305010,564,Toronto,16,0,Visa,,"$15,000.00"
449,2019-04-02,123,8980699750,935,Calgary,12,0,Mastercard,,"$5,000.00"
35,2019-04-03,266,4218836484,301,Calgary,7,0,Visa,,"$10,000.00"
881,2019-04-04,294,4507831052,622,Toronto,19,0,Visa,,"$10,000.00"
707,2019-04-05,387,1749514687,385,Ottawa,1,0,American Express,Attempted Fraud Detected,"$20,000.00"
792,2019-04-06,898,1563493415,782,Calgary,21,0,Mastercard,,"$5,000.00"
594,2019-04-07,147,3578538615,501,Montreal,3,0,American Express,,"$10,000.00"
860,2019-04-08,543,9240051542,322,Calgary,19,0,Mastercard,,"$10,000.00"
61,2019-04-09,18,6665134883,701,Toronto,18,0,American Express,,"$15,000.00"
732,2019-04-10,467,7350204778,597,Calgary,18,0,Visa,,"$10,000.00"
420,2019-04-11,621,3023065765,718,Ottawa,17,0,Mastercard,,"$5,000.00"
255,2019-04-12,285,6149784009,716,Montreal,17,0,Visa,Attempted Fraud Detected,"$20,000.00"
876,2019-04-13,738,1132507907,659,Calgary,19,0,Visa,,"$10,000.00"
953,2019-04-14,804,9490082124,701,Calgary,1,0,Visa,,"$10,000.00"
234,2019-04-15,551,2033792011,244,Montreal,3,0,Mastercard,,"$5,000.00"
307,2019-04-16,810,8236500236,801,Montreal,17,1,American Express,Difference between shipping and billing addresses,"$20,000.00"
858,2019-04-17,845,5525459867,982,Toronto,9,0,Visa,,"$15,000.00"
832,2019-04-18,202,4519026028,393,Toronto,22,0,Mastercard,,"$10,000.00"
48,2019-04-19,116,3741153457,494,Ottawa,20,0,Visa,,"$5,000.00"
417,2019-04-20,283,2121060116,288,Toronto,10,0,Mastercard,,"$15,000.00"
413,2019-04-21,491,4190346168,251,Toronto,21,0,Visa,,"$5,000.00"
507,2019-04-22,916,1361590559,797,Ottawa,5,0,Mastercard,Attempted Fraud Detected,"$20,000.00"
201,2019-04-23,95,2607461145,474,Montreal,23,0,American Express,,"$15,000.00"
893,2019-04-24,296,2914937633,653,Toronto,3,0,Mastercard,,"$5,000.00"
852,2019-04-25,164,8347413179,800,Ottawa,22,0,Mastercard,,"$10,000.00"
247,2019-04-26,688,4310899373,326,Toronto,10,0,American Express,,"$15,000.00"
547,2019-04-27,909,6515727187,774,Toronto,8,0,American Express,,"$10,000.00"
55,2019-04-28,572,2999591236,376,Toronto,0,0,Mastercard,,"$10,000.00"
825,2019-04-29,25,4296821341,343,Montreal,14,0,American Express,,"$5,000.00"
340,2019-04-30,912,2415602307,628,Calgary,4,0,Mastercard,,"$10,000.00"
598,2019-05-01,616,3691027413,621,Ottawa,5,0,American Express,,"$5,000.00"
393,2019-05-02,42,5770586383,668,Calgary,3,0,American Express,Attempted Fraud Detected,"$20,000.00"
900,2019-05-03,598,2246311388,208,Montreal,23,0,Visa,,"$15,000.00"
810,2019-05-04,137,6248881214,880,Montreal,9,0,Visa,Attempted Fraud Detected,"$20,000.00"
26,2019-05-05,102,1598575668,127,Toronto,16,0,Visa,,"$15,000.00"
118,2019-05-06,234,6295785313,720,Toronto,4,0,Visa,,"$10,000.00"
583,2019-05-07,841,4946392534,138,Calgary,23,0,American Express,,"$15,000.00"
312,2019-05-08,111,8124264536,917,Montreal,8,1,American Express,"Same address, different cards","$30,000.00"
752,2019-05-09,881,6188986731,227,Toronto,22,0,American Express,,"$10,000.00"
611,2019-05-10,612,2360146963,218,Montreal,23,0,Mastercard,,"$15,000.00"
187,2019-05-11,501,2667258519,939,Toronto,14,0,Mastercard,,"$15,000.00"
155,2019-05-12,631,1044874843,228,Toronto,7,0,Visa,Attempted Fraud Detected,"$20,000.00"
352,2019-05-13,773,7033734089,535,Toronto,11,0,American Express,,"$10,000.00"
217,2019-05-14,63,5327224254,101,Calgary,11,0,Mastercard,,"$15,000.00"
412,2019-05-15,83,3162712988,412,Calgary,18,0,American Express,,"$5,000.00"
422,2019-05-16,985,3757930514,813,Calgary,23,0,Visa,,"$5,000.00"
721,2019-05-17,750,8627567605,885,Montreal,10,0,Visa,,"$5,000.00"
205,2019-05-18,649,4748439387,899,Calgary,8,0,Mastercard,,"$15,000.00"
185,2019-05-19,758,4777858716,976,Toronto,11,0,Visa,,"$15,000.00"
60,2019-05-20,118,3182874316,644,Montreal,5,1,Visa,Unusual or spammy email accounts,"$30,000.00"
95,2019-05-21,282,3780669803,931,Toronto,18,0,American Express,Attempted Fraud Detected,"$20,000.00"
790,2019-05-22,404,5158189765,102,Calgary,5,0,Visa,Attempted Fraud Detected,"$20,000.00"
981,2019-05-23,190,6410055470,899,Toronto,18,0,American Express,,"$10,000.00"
902,2019-05-24,568,1028036761,376,Toronto,15,0,Mastercard,,"$10,000.00"
140,2019-05-25,844,3486241237,786,Ottawa,6,0,Mastercard,,"$15,000.00"
870,2019-05-26,81,9208296586,101,Toronto,3,0,Visa,,"$5,000.00"
703,2019-05-27,362,9966499167,213,Calgary,1,0,Mastercard,,"$10,000.00"
645,2019-05-28,274,8176349592,333,Calgary,5,0,American Express,,"$5,000.00"
320,2019-05-29,87,9564028400,400,Toronto,10,1,American Express,An IP address that doesn't match the card address on file,"$20,000.00"
47,2019-05-30,158,3155166958,945,Toronto,4,0,American Express,Attempted Fraud Detected,"$20,000.00"
287,2019-05-31,619,1650829427,465,Toronto,4,0,Visa,,"$15,000.00"
465,2019-06-01,233,8143846660,311,Toronto,17,0,American Express,Attempted Fraud Detected,"$20,000.00"
972,2019-06-02,152,8087690708,314,Calgary,9,0,Mastercard,,"$5,000.00"
830,2019-06-03,50,8867709611,940,Toronto,10,0,American Express,Attempted Fraud Detected,"$20,000.00"
740,2019-06-04,350,6179691413,870,Toronto,9,1,American Express,Difference between shipping and billing addresses,"$30,000.00"
143,2019-06-05,638,2965586895,625,Montreal,13,0,Mastercard,,"$10,000.00"
174,2019-06-06,341,5632126584,943,Ottawa,4,0,Mastercard,Attempted Fraud Detected,"$20,000.00"
603,2019-06-07,174,3262739824,601,Calgary,23,0,American Express,,"$10,000.00"
175,2019-06-08,541,3404470521,851,Ottawa,1,0,Visa,Attempted Fraud Detected,"$20,000.00"
337,2019-06-09,634,8501743549,427,Calgary,0,0,Mastercard,,"$10,000.00"
544,2019-06-10,816,7237147588,763,Toronto,2,0,Mastercard,,"$5,000.00"
227,2019-06-11,378,4931737766,830,Calgary,14,0,Mastercard,,"$5,000.00"
588,2019-06-12,676,8526370894,896,Toronto,18,0,Visa,,"$5,000.00"
161,2019-06-13,717,8590115758,606,Toronto,12,0,Mastercard,,"$15,000.00"
83,2019-06-14,958,7827859837,665,Montreal,8,0,Visa,,"$5,000.00"
780,2019-06-15,655,3189543627,942,Montreal,16,0,Mastercard,,"$5,000.00"
524,2019-06-16,760,9999311363,721,Montreal,9,0,American Express,,"$10,000.00"
100,2019-06-17,684,2167441055,435,Montreal,1,0,Visa,,"$5,000.00"
618,2019-06-18,882,6648170923,534,Montreal,6,0,American Express,,"$10,000.00"
937,2019-06-19,539,4666557662,850,Toronto,0,0,American Express,,"$10,000.00"
666,2019-06-20,861,9291411893,824,Montreal,3,0,Visa,Attempted Fraud Detected,"$20,000.00"
925,2019-06-21,323,1265152136,277,Toronto,18,0,Mastercard,Attempted Fraud Detected,"$20,000.00"
489,2019-06-22,663,4881870426,568,Ottawa,11,0,Mastercard,,"$5,000.00"
813,2019-06-23,864,1799697640,836,Toronto,22,0,American Express,Attempted Fraud Detected,"$20,000.00"
815,2019-06-24,159,5731427311,396,Toronto,13,0,Mastercard,,"$5,000.00"
298,2019-06-25,201,8696108515,931,Calgary,12,0,Mastercard,,"$5,000.00"
669,2019-06-26,534,3599302434,353,Toronto,5,0,American Express,Attempted Fraud Detected,"$20,000.00"
918,2019-06-27,757,2061755222,962,Montreal,22,0,Visa,,"$5,000.00"
693,2019-06-28,744,2769867513,545,Montreal,13,0,Mastercard,,"$15,000.00"
316,2019-06-29,395,1174247540,925,Toronto,22,0,Visa,Attempted Fraud Detected,"$20,000.00"
883,2019-06-30,852,2871688736,261,Toronto,1,0,Visa,,"$10,000.00"
553,2019-07-01,462,4780443494,491,Montreal,15,0,Visa,,"$10,000.00"
640,2019-07-02,51,8330521060,467,Toronto,17,0,Visa,,"$5,000.00"
309,2019-07-03,68,9320588250,501,Toronto,8,0,Visa,Attempted Fraud Detected,"$20,000.00"
515,2019-07-04,196,9366617466,387,Toronto,7,0,Visa,Attempted Fraud Detected,"$20,000.00"
945,2019-07-05,737,6294534857,544,Montreal,11,0,American Express,,"$15,000.00"
133,2019-07-06,631,6949069578,205,Ottawa,9,0,American Express,,"$5,000.00"
629,2019-07-07,313,2549055607,615,Montreal,0,0,Mastercard,Attempted Fraud Detected,"$20,000.00"
383,2019-07-08,359,2059694324,276,Toronto,17,0,American Express,Attempted Fraud Detected,"$20,000.00"
955,2019-07-09,987,7376571240,274,Toronto,1,0,Mastercard,,"$15,000.00"
461,2019-07-10,644,7665167428,357,Montreal,15,0,Visa,,"$5,000.00"
179,2019-07-11,92,5366938949,540,Calgary,16,0,American Express,,"$15,000.00"
119,2019-07-12,127,6630427559,180,Montreal,9,0,American Express,Attempted Fraud Detected,"$20,000.00"
883,2019-07-13,321,9663822170,532,Toronto,1,1,Mastercard,"Same address, different cards","$30,000.00"
484,2019-07-14,588,7316820100,178,Calgary,15,0,American Express,,"$15,000.00"
658,2019-07-15,230,5883062559,203,Toronto,1,0,Visa,,"$5,000.00"
196,2019-07-16,453,3800219595,553,Montreal,11,1,American Express,An IP address that doesn't match the card address on file,"$30,000.00"
718,2019-07-17,526,3915580012,531,Calgary,9,0,American Express,,"$5,000.00"
933,2019-07-18,843,2605056970,707,Calgary,8,0,Visa,Attempted Fraud Detected,"$20,000.00"
461,2019-07-19,927,7048160172,252,Toronto,11,0,Visa,,"$15,000.00"
412,2019-07-20,148,1887170677,547,Montreal,12,0,Visa,,"$5,000.00"
235,2019-07-21,567,6383102598,632,Ottawa,19,0,American Express,,"$5,000.00"
368,2019-07-22,716,5934310509,726,Montreal,3,0,Mastercard,Attempted Fraud Detected,"$20,000.00"
971,2019-07-23,674,7991637842,545,Toronto,4,1,American Express,Difference between shipping and billing addresses,"$30,000.00"
880,2019-07-24,443,1199825559,809,Montreal,0,0,American Express,,"$5,000.00"
263,2019-07-25,984,7954951339,353,Toronto,18,1,American Express,Difference between shipping and billing addresses,"$20,000.00"
616,2019-07-26,68,2659084139,536,Toronto,19,0,American Express,,"$5,000.00"
997,2019-07-27,896,9644263142,696,Toronto,13,0,Mastercard,,"$10,000.00"
252,2019-07-28,206,1550156748,653,Ottawa,13,0,Mastercard,,"$10,000.00"
963,2019-07-29,647,3673011290,616,Montreal,22,0,Mastercard,,"$15,000.00"
219,2019-07-30,533,2267500937,561,Montreal,23,0,Visa,,"$10,000.00"
24,2019-07-31,760,3252733618,557,Montreal,8,0,American Express,,"$15,000.00"
440,2019-08-01,31,9445019623,945,Toronto,20,0,Visa,,"$15,000.00"
99,2019-08-02,224,1341077703,542,Ottawa,20,0,American Express,Attempted Fraud Detected,"$20,000.00"
78,2019-08-03,172,8025983463,688,Montreal,4,0,Mastercard,Attempted Fraud Detected,"$20,000.00"
261,2019-08-04,119,4813965602,447,Toronto,5,0,American Express,Attempted Fraud Detected,"$20,000.00"
842,2019-08-05,377,6588476650,478,Calgary,4,0,American Express,,"$5,000.00"
132,2019-08-06,340,2861021903,126,Toronto,10,0,American Express,Attempted Fraud Detected,"$20,000.00"
440,2019-08-07,985,3248538233,930,Calgary,9,0,Mastercard,,"$10,000.00"
294,2019-08-08,434,3909846256,537,Calgary,8,0,Mastercard,,"$5,000.00"
248,2019-08-09,26,5698613014,407,Toronto,0,0,Mastercard,,"$5,000.00"
99,2019-08-10,677,7008577111,591,Montreal,7,0,Visa,,"$5,000.00"
31,2019-08-11,259,3546790170,229,Montreal,10,1,Visa,Unusual or spammy email accounts,"$20,000.00"
121,2019-08-12,139,3747533700,763,Toronto,22,0,Mastercard,,"$15,000.00"
481,2019-08-13,405,3884963382,706,Toronto,13,0,American Express,,"$10,000.00"
764,2019-08-14,379,9338306323,779,Toronto,10,0,Visa,,"$10,000.00"
577,2019-08-15,277,6547386612,266,Montreal,20,0,Mastercard,,"$10,000.00"
856,2019-08-16,970,3999154565,360,Montreal,11,0,Visa,,"$5,000.00"
68,2019-08-17,509,8148377587,362,Montreal,21,0,Mastercard,,"$15,000.00"
625,2019-08-18,644,5704869116,789,Ottawa,10,0,Visa,Attempted Fraud Detected,"$20,000.00"
589,2019-08-19,577,9608551820,922,Ottawa,13,0,Visa,,"$10,000.00"
448,2019-08-20,62,9462033047,833,Toronto,9,0,American Express,,"$5,000.00"
144,2019-08-21,406,4452714150,436,Calgary,10,1,American Express,Difference between shipping and billing addresses,"$30,000.00"
584,2019-08-22,468,3593700529,154,Toronto,17,0,Mastercard,,"$10,000.00"
134,2019-08-23,681,5839890004,237,Calgary,8,0,Visa,,"$5,000.00"
73,2019-08-24,775,4637934923,642,Montreal,13,0,Visa,,"$15,000.00"
953,2019-08-25,613,4045103255,316,Montreal,12,0,Mastercard,,"$15,000.00"
128,2019-08-26,600,9090295955,896,Toronto,3,1,Mastercard,"Same address, different cards","$30,000.00"
54,2019-08-27,971,9834179912,371,Toronto,14,0,Visa,,"$15,000.00"
651,2019-08-28,482,4406964160,151,Ottawa,20,0,American Express,,"$10,000.00"
377,2019-08-29,593,4061090258,622,Toronto,2,0,Mastercard,,"$5,000.00"
526,2019-08-30,101,1949318954,316,Toronto,19,0,American Express,,"$5,000.00"
575,2019-08-31,416,8318774815,844,Calgary,13,0,Visa,,"$15,000.00"
804,2019-09-01,771,6455721540,828,Toronto,12,0,Visa,,"$10,000.00"
727,2019-09-02,572,2577270499,168,Toronto,19,0,Visa,,"$10,000.00"
621,2019-09-03,418,1294952884,657,Toronto,11,1,Visa,Difference between shipping and billing addresses,"$30,000.00"
788,2019-09-04,872,7755719433,762,Toronto,23,0,Mastercard,,"$5,000.00"
225,2019-09-05,108,9911830077,995,Toronto,1,0,American Express,,"$10,000.00"
350,2019-09-06,935,1810682930,785,Calgary,3,0,Visa,,"$5,000.00"
399,2019-09-07,136,7592713688,344,Toronto,19,0,American Express,Attempted Fraud Detected,"$20,000.00"
332,2019-09-08,360,5772416455,521,Toronto,11,1,American Express,Difference between shipping and billing addresses,"$30,000.00"
599,2019-09-09,547,3963622224,698,Toronto,6,0,Mastercard,,"$10,000.00"
876,2019-09-10,862,1299852691,117,Calgary,14,0,American Express,,"$15,000.00"
671,2019-09-11,110,4595615178,558,Toronto,0,0,Mastercard,,"$15,000.00"
32,2019-09-12,837,3119751754,711,Toronto,2,0,Visa,,"$10,000.00"
201,2019-09-13,284,3709813484,123,Toronto,21,0,American Express,,"$15,000.00"
279,2019-09-14,742,9923595711,753,Toronto,18,0,Visa,Attempted Fraud Detected,"$20,000.00"
176,2019-09-15,717,8966440117,192,Toronto,7,0,Mastercard,,"$15,000.00"
19,2019-09-16,883,2182059388,193,Ottawa,11,0,Mastercard,Attempted Fraud Detected,"$20,000.00"
465,2019-09-17,682,9687924208,173,Calgary,17,1,American Express,Series of declined transactions in a row,"$20,000.00"
715,2019-09-18,372,8780940387,473,Montreal,20,1,Visa,Unusual or spammy email accounts,"$20,000.00"
601,2019-09-19,838,4496257563,926,Toronto,1,0,Visa,,"$5,000.00"
477,2019-09-20,723,5212213355,857,Montreal,4,0,Visa,,"$10,000.00"
509,2019-09-21,800,9468247349,106,Montreal,5,0,Visa,Attempted Fraud Detected,"$20,000.00"
431,2019-09-22,843,7927318529,123,Toronto,11,1,Visa,An IP address that doesn't match the card address on file,"$20,000.00"
301,2019-09-23,259,8883247333,728,Calgary,20,0,American Express,Attempted Fraud Detected,"$20,000.00"
747,2019-09-24,619,1599898854,174,Toronto,16,0,Mastercard,Attempted Fraud Detected,"$20,000.00"
254,2019-09-25,752,8546196086,847,Montreal,18,0,American Express,,"$15,000.00"
613,2019-09-26,417,1200997663,871,Calgary,6,0,Mastercard,,"$10,000.00"
138,2019-09-27,98,6404249922,786,Calgary,5,0,Mastercard,Attempted Fraud Detected,"$20,000.00"
256,2019-09-28,263,3739824031,170,Montreal,9,0,Mastercard,,"$10,000.00"
769,2019-09-29,360,3285293678,882,Calgary,9,0,Visa,Attempted Fraud Detected,"$20,000.00"
871,2019-09-30,318,9260933777,908,Calgary,2,0,Visa,,"$5,000.00"
976,2019-10-01,845,7263052244,705,Calgary,7,0,Mastercard,,"$10,000.00"
673,2019-10-02,346,4157794360,257,Calgary,8,0,Mastercard,,"$5,000.00"
227,2019-10-03,645,2607847366,284,Toronto,5,0,American Express,,"$5,000.00"
287,2019-10-04,520,7754347629,470,Montreal,15,0,Visa,Attempted Fraud Detected,"$20,000.00"
333,2019-10-05,503,5091050765,740,Toronto,7,0,American Express,,"$10,000.00"
927,2019-10-06,334,2287536182,823,Toronto,14,0,American Express,,"$5,000.00"
747,2019-10-07,548,6950302282,628,Toronto,16,0,American Express,,"$10,000.00"
98,2019-10-08,775,4006104938,983,Toronto,6,0,American Express,,"$10,000.00"
368,2019-10-09,851,7253996862,491,Ottawa,3,0,Visa,,"$10,000.00"
622,2019-10-10,719,2056366678,530,Montreal,7,0,Visa,,"$10,000.00"
140,2019-10-11,144,9662788421,781,Calgary,22,0,American Express,,"$15,000.00"
727,2019-10-12,372,1918158997,984,Montreal,11,0,Mastercard,,"$15,000.00"
945,2019-10-13,162,1373162414,939,Montreal,0,0,Mastercard,,"$15,000.00"
999,2019-10-14,646,5019949056,425,Toronto,4,0,American Express,,"$15,000.00"
15,2019-10-15,82,3107017102,866,Montreal,15,0,Visa,Attempted Fraud Detected,"$20,000.00"
473,2019-10-16,738,6847828097,722,Toronto,10,0,Visa,,"$15,000.00"
315,2019-10-17,291,5415559475,125,Montreal,10,0,Visa,,"$10,000.00"
317,2019-10-18,368,3723321827,231,Toronto,21,0,American Express,Attempted Fraud Detected,"$20,000.00"
488,2019-10-19,509,2654642185,365,Toronto,0,0,Mastercard,Attempted Fraud Detected,"$20,000.00"
880,2019-10-20,644,2302808611,534,Calgary,3,0,Mastercard,Attempted Fraud Detected,"$20,000.00"
157,2019-10-21,530,8985231894,686,Toronto,12,0,Mastercard,,"$5,000.00"
470,2019-10-22,407,9506873322,131,Calgary,12,0,Visa,,"$15,000.00"
226,2019-10-23,295,9839191331,693,Toronto,7,0,Mastercard,Attempted Fraud Detected,"$20,000.00"
13,2019-10-24,355,7611162314,757,Montreal,14,0,Visa,,"$10,000.00"
822,2019-10-25,626,6000840791,446,Toronto,1,0,American Express,Attempted Fraud Detected,"$20,000.00"
785,2019-10-26,89,7963415586,401,Calgary,18,0,Visa,,"$5,000.00"
221,2019-10-27,956,9402790834,350,Calgary,13,0,Visa,,"$15,000.00"
71,2019-10-28,848,9254502869,360,Toronto,22,0,Visa,,"$10,000.00"
203,2019-10-29,682,5761428193,454,Toronto,20,0,Visa,,"$10,000.00"
930,2019-10-30,894,9280663998,979,Montreal,22,0,American Express,,"$15,000.00"
119,2019-10-31,953,1118579152,609,Montreal,5,0,Mastercard,,"$15,000.00"
812,2019-11-01,143,2236694569,920,Toronto,19,0,Mastercard,,"$15,000.00"
911,2019-11-02,527,5066834037,379,Montreal,17,0,American Express,,"$5,000.00"
656,2019-11-03,88,4859225503,567,Toronto,22,1,Visa,Difference between shipping and billing addresses,"$20,000.00"
326,2019-11-04,736,8699810061,262,Ottawa,10,0,American Express,,"$15,000.00"
558,2019-11-05,858,1580760130,665,Toronto,2,0,American Express,,"$15,000.00"
436,2019-11-06,494,5267036794,293,Toronto,2,0,Visa,Attempted Fraud Detected,"$20,000.00"
734,2019-11-07,710,7137171487,691,Montreal,13,0,American Express,,"$10,000.00"
617,2019-11-08,795,5368906269,847,Toronto,23,0,Visa,Attempted Fraud Detected,"$20,000.00"
679,2019-11-09,633,5264384491,646,Toronto,7,0,American Express,,"$15,000.00"
976,2019-11-10,724,9457084615,297,Montreal,0,0,American Express,,"$5,000.00"
194,2019-11-11,756,2535739632,104,Calgary,3,0,American Express,,"$15,000.00"
733,2019-11-12,949,9745130456,435,Toronto,14,0,American Express,,"$5,000.00"
835,2019-11-13,487,2608738533,322,Calgary,8,0,Visa,,"$5,000.00"
8,2019-11-14,625,7171530624,342,Montreal,21,0,American Express,Attempted Fraud Detected,"$20,000.00"
23,2019-11-15,940,4671642947,334,Toronto,7,0,Visa,,"$10,000.00"
703,2019-11-16,848,4631546871,687,Montreal,13,0,Visa,,"$10,000.00"
164,2019-11-17,745,6938650545,242,Calgary,20,1,Visa,Difference between shipping and billing addresses,"$30,000.00"
376,2019-11-18,509,7590899405,290,Calgary,9,0,American Express,,"$5,000.00"
98,2019-11-19,154,7128656564,992,Montreal,12,0,Visa,,"$10,000.00"
907,2019-11-20,896,7372645385,346,Toronto,8,0,Visa,,"$15,000.00"
387,2019-11-21,961,3847562911,588,Toronto,22,0,American Express,,"$5,000.00"
322,2019-11-22,85,4299092003,992,Toronto,12,0,Visa,,"$15,000.00"
59,2019-11-23,749,7057801421,480,Montreal,17,1,American Express,Difference between shipping and billing addresses,"$30,000.00"
502,2019-11-24,722,1526876102,973,Toronto,8,1,American Express,Unusual or spammy email accounts,"$30,000.00"
69,2019-11-25,815,8024435452,496,Montreal,17,0,Visa,Attempted Fraud Detected,"$20,000.00"
721,2019-11-26,183,4966994440,382,Ottawa,9,0,American Express,,"$10,000.00"
426,2019-11-27,591,8862755922,867,Ottawa,12,0,Visa,,"$15,000.00"
92,2019-11-28,842,5798880523,397,Ottawa,0,0,Visa,,"$10,000.00"
290,2019-11-29,378,5323003787,321,Montreal,20,0,American Express,,"$5,000.00"
273,2019-11-30,793,6558833871,441,Toronto,13,0,Visa,Attempted Fraud Detected,"$20,000.00"
631,2019-12-01,321,6911185219,593,Toronto,16,0,Mastercard,,"$10,000.00"
171,2019-12-02,633,1224121292,162,Montreal,19,0,Visa,,"$10,000.00"
482,2019-12-03,786,7207603923,865,Calgary,5,0,Visa,Attempted Fraud Detected,"$20,000.00"
689,2019-12-04,708,1729325353,250,Toronto,7,0,Mastercard,,"$15,000.00"
469,2019-12-05,434,8244934100,366,Calgary,9,0,Visa,,"$15,000.00"
954,2019-12-06,586,6278305927,521,Montreal,5,0,Visa,,"$10,000.00"
344,2019-12-07,345,5803112144,684,Calgary,2,0,American Express,,"$10,000.00"
451,2019-12-08,523,3347868415,811,Toronto,23,0,Mastercard,,"$5,000.00"
169,2019-12-09,306,7739142127,739,Ottawa,6,0,American Express,,"$5,000.00"
290,2019-12-10,336,3863852106,677,Calgary,9,0,Visa,Attempted Fraud Detected,"$20,000.00"
525,2019-12-11,15,5970681968,250,Calgary,5,0,Mastercard,,"$10,000.00"
370,2019-12-12,153,5169465932,917,Calgary,19,0,Mastercard,Attempted Fraud Detected,"$20,000.00"
43,2019-12-13,608,3833302225,439,Montreal,3,0,Visa,,"$15,000.00"
609,2019-12-14,337,1325944082,787,Montreal,21,0,American Express,Attempted Fraud Detected,"$20,000.00"
855,2019-12-15,816,8637867758,483,Toronto,19,0,Mastercard,,"$15,000.00"
385,2019-12-16,679,9694535968,937,Toronto,1,0,Mastercard,,"$15,000.00"
869,2019-12-17,959,7633104643,568,Calgary,10,1,Visa,Difference between shipping and billing addresses,"$20,000.00"
903,2019-12-18,752,4928834391,513,Toronto,6,0,American Express,,"$15,000.00"
430,2019-12-19,73,6433125915,608,Toronto,2,0,Visa,,"$15,000.00"
341,2019-12-20,964,8907773184,543,Toronto,14,0,Mastercard,,"$10,000.00"
451,2019-12-21,557,5708470222,380,Calgary,7,0,American Express,,"$5,000.00"
126,2019-12-22,356,7160693666,353,Montreal,1,0,Mastercard,Attempted Fraud Detected,"$20,000.00"
834,2019-12-23,716,7672561558,931,Calgary,8,0,Mastercard,,"$5,000.00"
991,2019-12-24,666,3444354671,861,Toronto,14,0,American Express,,"$10,000.00"
708,2019-12-25,729,1575760606,437,Montreal,6,0,Mastercard,Attempted Fraud Detected,"$20,000.00"
235,2019-12-26,846,9265511200,274,Calgary,3,0,Visa,Attempted Fraud Detected,"$20,000.00"
800,2019-12-27,628,8093733194,524,Toronto,10,0,Visa,,"$5,000.00"
20,2019-12-28,59,2828770423,667,Montreal,2,0,Mastercard,,"$15,000.00"
620,2019-12-29,652,8334655339,629,Montreal,11,0,Visa,,"$10,000.00"
485,2019-12-30,524,2174245449,847,Ottawa,15,0,Visa,,"$10,000.00"
108,2019-12-31,23,8280648707,461,Toronto,15,0,American Express,,"$10,000.00"
287,2020-01-01,183,6285170394,155,Calgary,19,0,Mastercard,,"$10,000.00"
104,2020-01-02,958,4077310883,647,Toronto,1,0,Visa,Attempted Fraud Detected,"$20,000.00"
596,2020-01-03,905,8188973300,944,Calgary,6,1,Visa,An IP address that doesn't match the card address on file,"$30,000.00"
810,2020-01-04,825,2243474697,180,Montreal,18,0,American Express,,"$10,000.00"
110,2020-01-05,584,4088408674,255,Toronto,19,0,Visa,,"$5,000.00"
10,2020-01-06,594,6107425882,301,Montreal,21,0,Mastercard,,"$15,000.00"
502,2020-01-07,675,7240647327,771,Toronto,17,0,Visa,,"$10,000.00"
351,2020-01-08,913,6808326870,444,Calgary,14,0,Visa,,"$5,000.00"
598,2020-01-09,298,9432670095,731,Montreal,23,0,Mastercard,Attempted Fraud Detected,"$20,000.00"
70,2020-01-10,506,1184557567,171,Calgary,23,0,Visa,,"$10,000.00"
539,2020-01-11,366,8503734678,447,Calgary,7,1,Visa,An IP address that doesn't match the card address on file,"$30,000.00"
570,2020-01-12,111,5700840050,178,Calgary,18,0,American Express,,"$5,000.00"
637,2020-01-13,819,3295839307,327,Montreal,22,0,American Express,,"$10,000.00"
539,2020-01-14,892,7057229840,475,Toronto,7,0,Mastercard,Attempted Fraud Detected,"$20,000.00"
814,2020-01-15,336,9562192138,121,Toronto,0,0,Mastercard,Attempted Fraud Detected,"$20,000.00"
630,2020-01-16,458,8933550081,696,Toronto,21,1,Visa,An IP address that doesn't match the card address on file,"$30,000.00"
333,2020-01-17,159,9046613361,897,Montreal,1,0,Mastercard,,"$15,000.00"
607,2020-01-18,886,7281466967,865,Calgary,6,0,American Express,,"$10,000.00"
997,2020-01-19,188,7006563718,631,Toronto,6,0,Visa,,"$15,000.00"
42,2020-01-20,27,1089122399,563,Toronto,7,0,Visa,,"$10,000.00"
604,2020-01-21,735,2568828859,243,Montreal,2,0,Visa,Attempted Fraud Detected,"$20,000.00"
133,2020-01-22,687,7248419694,226,Toronto,14,1,Visa,Multiple attempts to incorrectly enter the card number,"$30,000.00"
8,2020-01-23,384,6960318564,706,Toronto,14,0,Visa,Attempted Fraud Detected,"$20,000.00"
729,2020-01-24,779,2114470831,750,Calgary,0,0,American Express,,"$10,000.00"
40,2020-01-25,878,5599140502,497,Montreal,0,0,Mastercard,,"$10,000.00"
465,2020-01-26,364,8352089026,473,Toronto,21,0,Mastercard,,"$15,000.00"
571,2020-01-27,402,8557491163,952,Calgary,17,0,Visa,,"$5,000.00"
256,2020-01-28,172,3724738779,979,Montreal,13,0,Mastercard,,"$10,000.00"
521,2020-01-29,841,9294320586,576,Calgary,6,0,American Express,,"$10,000.00"
527,2020-01-30,186,1630102617,247,Calgary,12,1,Visa,Multiple attempts to incorrectly enter the card number,"$20,000.00"
651,2020-01-31,857,8949662037,715,Montreal,1,0,Mastercard,,"$10,000.00"
302,2020-02-01,62,9535867472,280,Montreal,22,0,Visa,Attempted Fraud Detected,"$20,000.00"
945,2020-02-02,739,2435863116,762,Toronto,13,0,Visa,,"$15,000.00"
572,2020-02-03,317,3541856683,673,Calgary,21,1,Visa,Difference between shipping and billing addresses,"$20,000.00"
452,2020-02-04,27,3058962220,143,Toronto,21,0,Visa,,"$5,000.00"
838,2020-02-05,608,2112795289,968,Calgary,14,0,Mastercard,Attempted Fraud Detected,"$20,000.00"
828,2020-02-06,66,1778878032,473,Toronto,14,0,American Express,Attempted Fraud Detected,"$20,000.00"
311,2020-02-07,905,3940110400,453,Toronto,4,0,Visa,Attempted Fraud Detected,"$20,000.00"
666,2020-02-08,206,9583965253,939,Montreal,8,0,Visa,,"$5,000.00"
235,2020-02-09,81,9033993090,754,Calgary,2,0,Mastercard,Attempted Fraud Detected,"$20,000.00"
435,2020-02-10,561,4105668747,826,Toronto,12,0,Mastercard,Attempted Fraud Detected,"$20,000.00"
296,2020-02-11,219,4890628446,959,Toronto,13,0,Mastercard,Attempted Fraud Detected,"$20,000.00"
407,2020-02-12,131,4071638670,642,Toronto,22,1,Mastercard,Unusual or spammy email accounts,"$30,000.00"
36,2020-02-13,851,9925178215,548,Montreal,23,1,Visa,Difference between shipping and billing addresses,"$30,000.00"
879,2020-02-14,856,2398203088,759,Montreal,16,0,Mastercard,,"$10,000.00"
301,2020-02-15,118,8158568338,947,Toronto,15,0,American Express,,"$5,000.00"
708,2020-02-16,658,2025051282,834,Ottawa,4,0,Visa,,"$15,000.00"
387,2020-02-17,251,7792504745,418,Toronto,22,0,Mastercard,,"$5,000.00"
778,2020-02-18,160,2727211303,245,Ottawa,10,0,Mastercard,,"$10,000.00"
282,2020-02-19,161,2991311349,211,Calgary,21,0,Mastercard,,"$5,000.00"
703,2020-02-20,572,7370795448,257,Toronto,21,0,Mastercard,Attempted Fraud Detected,"$20,000.00"
77,2020-02-21,335,4715441261,499,Calgary,12,0,Mastercard,,"$15,000.00"
551,2020-02-22,266,6992688163,380,Toronto,3,0,American Express,,"$15,000.00"
436,2020-02-23,396,5023761509,123,Toronto,8,0,Mastercard,,"$10,000.00"
632,2020-02-24,525,7112193166,588,Toronto,3,0,Visa,Attempted Fraud Detected,"$20,000.00"
544,2020-02-25,302,9094190929,184,Calgary,7,0,American Express,Attempted Fraud Detected,"$20,000.00"
912,2020-02-26,391,7677499547,252,Toronto,4,0,Mastercard,,"$15,000.00"
694,2020-02-27,149,9114765606,506,Calgary,11,0,Visa,,"$5,000.00"
257,2020-02-28,699,5463022968,738,Toronto,9,0,Visa,,"$10,000.00"
532,2020-02-29,130,6510822237,295,Toronto,8,0,Mastercard,,"$15,000.00"
414,2020-03-01,908,6768630111,750,Toronto,7,0,American Express,,"$10,000.00"
84,2020-03-02,843,5329448424,784,Montreal,4,0,American Express,,"$10,000.00"
77,2020-03-03,997,2045866016,149,Montreal,8,0,Visa,,"$10,000.00"
342,2020-03-04,718,5919229461,987,Calgary,5,0,Mastercard,,"$15,000.00"
163,2020-03-05,54,3810129210,589,Toronto,17,0,Visa,Attempted Fraud Detected,"$20,000.00"
949,2020-03-06,739,2740566633,380,Calgary,14,0,Visa,,"$10,000.00"
84,2020-03-07,448,5592204125,238,Toronto,11,0,American Express,,"$5,000.00"
492,2020-03-08,602,1345163352,177,Calgary,21,0,Visa,,"$15,000.00"
391,2020-03-09,330,8398791735,594,Montreal,22,0,Mastercard,Attempted Fraud Detected,"$20,000.00"
941,2020-03-10,547,7578520730,785,Ottawa,19,0,Visa,,"$15,000.00"
305,2020-03-11,485,3005114804,990,Ottawa,6,0,Mastercard,,"$15,000.00"
561,2020-03-12,475,7828490678,779,Ottawa,4,0,Mastercard,,"$5,000.00"
921,2020-03-13,743,2021988222,958,Montreal,8,0,Visa,Attempted Fraud Detected,"$20,000.00"
614,2020-03-14,777,4895219621,813,Toronto,18,0,Mastercard,,"$15,000.00"
262,2020-03-15,424,7319621644,695,Calgary,2,0,American Express,Attempted Fraud Detected,"$20,000.00"
897,2020-03-16,384,4509195757,819,Toronto,4,0,American Express,,"$15,000.00"
800,2020-03-17,409,9398693822,481,Toronto,14,0,Mastercard,Attempted Fraud Detected,"$20,000.00"
577,2020-03-18,988,1869906296,218,Toronto,17,0,American Express,,"$5,000.00"
134,2020-03-19,534,6540559171,901,Toronto,22,0,Visa,,"$10,000.00"
75,2020-03-20,205,8029020670,719,Ottawa,20,0,Visa,Attempted Fraud Detected,"$20,000.00"
290,2020-03-21,321,3929589833,373,Ottawa,15,0,Mastercard,,"$10,000.00"
548,2020-03-22,521,4384051210,884,Montreal,6,0,Visa,,"$15,000.00"
211,2020-03-23,483,7173277586,151,Toronto,2,0,American Express,,"$15,000.00"
11,2020-03-24,81,7398869235,194,Montreal,8,0,American Express,,"$15,000.00"
632,2020-03-25,776,9031105298,209,Toronto,16,0,Visa,,"$5,000.00"
506,2020-03-26,659,4581218385,868,Ottawa,1,0,Visa,,"$15,000.00"
325,2020-03-27,319,1692653127,333,Ottawa,16,0,Visa,Attempted Fraud Detected,"$20,000.00"
49,2020-03-28,579,3221555315,202,Montreal,3,0,Visa,,"$15,000.00"
319,2020-03-29,186,7342511449,178,Toronto,17,0,Mastercard,,"$5,000.00"
82,2020-03-30,848,5436821201,906,Montreal,19,0,Visa,,"$15,000.00"
32,2020-03-31,541,9347709967,606,Toronto,0,0,Visa,Attempted Fraud Detected,"$20,000.00"
255,2020-04-01,710,5378421601,791,Montreal,9,0,Mastercard,Attempted Fraud Detected,"$20,000.00"
815,2020-04-02,588,7578644869,440,Toronto,4,0,Visa,,"$10,000.00"
692,2020-04-03,329,8319558319,550,Calgary,15,0,Visa,,"$5,000.00"
444,2020-04-04,658,6021351322,143,Toronto,14,0,American Express,Attempted Fraud Detected,"$20,000.00"
893,2020-04-05,833,4167852933,227,Calgary,1,0,Visa,,"$10,000.00"
784,2020-04-06,318,7138322059,503,Calgary,4,0,Mastercard,,"$10,000.00"
884,2020-04-07,89,1631971574,987,Ottawa,22,0,Visa,,"$5,000.00"
803,2020-04-08,917,9601957281,700,Toronto,6,0,Visa,,"$10,000.00"
690,2020-04-09,812,5765528700,367,Montreal,18,0,American Express,,"$5,000.00"
761,2020-04-10,141,8762073063,365,Ottawa,17,0,Visa,,"$10,000.00"
119,2020-04-11,790,1060894276,690,Montreal,12,0,American Express,,"$10,000.00"
852,2020-04-12,133,6644379056,824,Ottawa,23,0,American Express,Attempted Fraud Detected,"$20,000.00"
860,2020-04-13,16,8098318016,853,Montreal,17,0,Mastercard,Attempted Fraud Detected,"$20,000.00"
303,2020-04-14,405,7083359623,731,Montreal,2,0,Visa,,"$15,000.00"
304,2020-04-15,672,8385165611,882,Montreal,6,0,Visa,Attempted Fraud Detected,"$20,000.00"
452,2020-04-16,849,2355494792,964,Montreal,23,0,Mastercard,Attempted Fraud Detected,"$20,000.00"
774,2020-04-17,873,6277835533,784,Toronto,1,0,Mastercard,,"$15,000.00"
361,2020-04-18,499,9246583378,378,Montreal,17,0,American Express,,"$5,000.00"
21,2020-04-19,261,5967534619,663,Montreal,15,0,Visa,Attempted Fraud Detected,"$20,000.00"
408,2020-04-20,663,4423363925,765,Montreal,16,0,Visa,,"$15,000.00"
725,2020-04-21,836,7832988707,819,Montreal,1,0,Visa,Attempted Fraud Detected,"$20,000.00"
507,2020-04-22,156,2672253278,355,Toronto,2,0,Visa,Attempted Fraud Detected,"$20,000.00"
769,2020-04-23,655,6417839289,815,Toronto,3,0,Mastercard,,"$10,000.00"
191,2020-04-24,407,4577509989,602,Calgary,0,0,Visa,,"$10,000.00"
121,2020-04-25,398,7099801089,534,Calgary,10,0,Visa,Attempted Fraud Detected,"$20,000.00"
536,2020-04-26,747,3726221286,572,Toronto,10,0,American Express,,"$5,000.00"
283,2020-04-27,340,9856079501,132,Montreal,2,1,Mastercard,Multiple attempts to incorrectly enter the card number,"$30,000.00"
6,2020-04-28,369,8825606723,602,Toronto,10,0,American Express,Attempted Fraud Detected,"$20,000.00"
606,2020-04-29,649,1774699841,134,Montreal,15,0,Visa,,"$5,000.00"
403,2020-04-30,482,7276503002,601,Toronto,6,0,American Express,,"$10,000.00"
658,2020-05-01,329,4471580393,851,Montreal,11,0,Mastercard,,"$10,000.00"
146,2020-05-02,339,1615086274,105,Toronto,9,0,American Express,,"$10,000.00"
234,2020-05-03,112,3136978747,949,Toronto,8,0,American Express,,"$10,000.00"
296,2020-05-04,504,9831677065,452,Ottawa,16,0,Mastercard,,"$5,000.00"
237,2020-05-05,964,8625945651,232,Toronto,20,0,American Express,,"$5,000.00"
355,2020-05-06,46,3646772563,689,Toronto,21,0,Mastercard,,"$5,000.00"
682,2020-05-07,552,9997760410,243,Calgary,16,0,Visa,Attempted Fraud Detected,"$20,000.00"
254,2020-05-08,50,7192604882,167,Montreal,13,0,Visa,,"$10,000.00"
670,2020-05-09,447,6241094689,989,Calgary,1,0,Mastercard,Attempted Fraud Detected,"$20,000.00"
147,2020-05-10,386,6826731483,743,Toronto,1,0,American Express,Attempted Fraud Detected,"$20,000.00"
446,2020-05-11,439,7021108713,230,Calgary,12,0,Visa,Attempted Fraud Detected,"$20,000.00"
772,2020-05-12,600,3714097816,273,Toronto,20,0,American Express,,"$10,000.00"
393,2020-05-13,93,6124579748,773,Toronto,11,0,Mastercard,,"$10,000.00"
402,2020-05-14,537,5364364778,378,Toronto,7,0,American Express,Attempted Fraud Detected,"$20,000.00"
411,2020-05-15,178,1713876284,139,Ottawa,5,0,Visa,,"$10,000.00"
948,2020-05-16,208,1263237338,222,Toronto,13,0,Visa,Attempted Fraud Detected,"$20,000.00"
7,2020-05-17,375,8349237801,936,Calgary,11,0,Mastercard,,"$10,000.00"
241,2020-05-18,942,2683820039,994,Calgary,7,0,Mastercard,,"$15,000.00"
205,2020-05-19,829,3778455602,119,Montreal,6,0,American Express,,"$5,000.00"
269,2020-05-20,422,3513434889,875,Calgary,13,0,American Express,,"$5,000.00"
591,2020-05-21,828,8670002025,510,Calgary,12,0,Mastercard,,"$15,000.00"
857,2020-05-22,870,3275031344,134,Toronto,14,0,Visa,,"$15,000.00"
429,2020-05-23,839,6174749238,832,Toronto,22,0,Visa,,"$15,000.00"
962,2020-05-24,679,9564563725,869,Toronto,17,0,Mastercard,,"$10,000.00"
24,2020-05-25,833,7742721871,809,Toronto,7,1,American Express,Difference between shipping and billing addresses,"$30,000.00"
643,2020-05-26,127,6893806646,617,Toronto,11,0,Mastercard,,"$5,000.00"
275,2020-05-27,169,2864909111,437,Toronto,6,1,Mastercard,Series of declined transactions in a row,"$20,000.00"
774,2020-05-28,951,7766918884,572,Ottawa,2,1,American Express,Difference between shipping and billing addresses,"$30,000.00"
290,2020-05-29,171,4365820009,894,Toronto,9,0,American Express,,"$10,000.00"
542,2020-05-30,193,5900527177,853,Calgary,16,0,American Express,,"$10,000.00"
222,2020-05-31,404,6562744605,663,Toronto,12,0,Mastercard,,"$10,000.00"
255,2020-06-01,942,4843201751,952,Calgary,7,0,Visa,,"$10,000.00"
998,2020-06-02,271,5304132340,363,Montreal,12,1,American Express,Series of declined transactions in a row,"$30,000.00"
313,2020-06-03,627,5015065891,219,Montreal,14,0,Visa,,"$15,000.00"
11,2020-06-04,704,4699195217,736,Ottawa,19,0,American Express,,"$10,000.00"
531,2020-06-05,273,8806671997,716,Montreal,16,0,American Express,,"$10,000.00"
149,2020-06-06,793,2889770771,667,Toronto,17,0,Visa,,"$5,000.00"
379,2020-06-07,913,1052995056,723,Toronto,15,0,Mastercard,Attempted Fraud Detected,"$20,000.00"
173,2020-06-08,597,6155438460,909,Toronto,12,0,Visa,,"$5,000.00"
307,2020-06-09,391,7212370444,451,Toronto,1,0,Visa,Attempted Fraud Detected,"$20,000.00"
531,2020-06-10,213,4686089014,658,Toronto,13,0,American Express,,"$5,000.00"
278,2020-06-11,397,8567807331,539,Calgary,20,0,Mastercard,,"$5,000.00"
487,2020-06-12,667,8046766386,557,Toronto,1,0,American Express,,"$15,000.00"
716,2020-06-13,788,5052318954,863,Calgary,14,0,Mastercard,,"$5,000.00"
169,2020-06-14,741,5247922721,506,Calgary,13,0,American Express,,"$15,000.00"
395,2020-06-15,667,9582327446,846,Toronto,12,0,Visa,,"$15,000.00"
846,2020-06-16,416,7714007404,431,Montreal,3,0,American Express,,"$15,000.00"
312,2020-06-17,128,9446304766,716,Montreal,1,0,Visa,,"$15,000.00"
875,2020-06-18,261,2867234208,956,Toronto,18,0,American Express,,"$10,000.00"
669,2020-06-19,390,8936036282,395,Calgary,4,0,American Express,,"$15,000.00"
199,2020-06-20,701,7646923044,900,Montreal,15,0,Mastercard,,"$5,000.00"
658,2020-06-21,204,2317857984,815,Toronto,3,0,American Express,Attempted Fraud Detected,"$20,000.00"
644,2020-06-22,251,3239101185,812,Toronto,15,0,Visa,,"$5,000.00"
674,2020-06-23,180,1439122648,700,Montreal,15,1,Mastercard,"Same address, different cards","$30,000.00"
776,2020-06-24,244,9874915302,247,Calgary,19,0,Mastercard,,"$5,000.00"
132,2020-06-25,655,2552287536,587,Toronto,6,0,Visa,,"$15,000.00"
563,2020-06-26,763,3315099395,760,Calgary,15,1,Visa,An IP address that doesn't match the card address on file,"$30,000.00"
698,2020-06-27,112,1479255372,658,Toronto,9,0,Visa,,"$15,000.00"
21,2020-06-28,390,3509945980,469,Calgary,12,0,Visa,,"$15,000.00"
207,2020-06-29,235,9476002072,343,Calgary,11,0,Visa,,"$15,000.00"
224,2020-06-30,924,5396917942,122,Calgary,20,1,American Express,An IP address that doesn't match the card address on file,"$20,000.00"
173,2020-07-01,846,1764606661,570,Montreal,20,0,Visa,,"$15,000.00"
531,2020-07-02,136,2173844901,469,Montreal,17,1,Mastercard,Series of declined transactions in a row,"$30,000.00"
738,2020-07-03,339,7629982303,248,Montreal,5,0,Visa,,"$10,000.00"
106,2020-07-04,81,2420657987,887,Montreal,21,0,American Express,,"$15,000.00"
136,2020-07-05,325,9822334664,285,Calgary,14,0,Mastercard,Attempted Fraud Detected,"$20,000.00"
392,2020-07-06,579,8435711715,347,Calgary,11,1,American Express,Unusual or spammy email accounts,"$20,000.00"
158,2020-07-07,380,3519845675,970,Toronto,13,0,Visa,,"$5,000.00"
80,2020-07-08,464,6080740423,845,Toronto,7,0,Mastercard,Attempted Fraud Detected,"$20,000.00"
697,2020-07-09,815,6882140723,672,Montreal,1,1,Mastercard,Difference between shipping and billing addresses,"$20,000.00"
337,2020-07-10,953,1899014923,476,Toronto,23,0,Visa,,"$15,000.00"
883,2020-07-11,875,1164596646,622,Toronto,16,0,Visa,,"$5,000.00"
280,2020-07-12,890,5437045787,731,Calgary,8,0,American Express,,"$15,000.00"
572,2020-07-13,607,3769043302,797,Montreal,2,0,Visa,,"$5,000.00"
980,2020-07-14,260,3138263852,307,Ottawa,4,0,Visa,,"$5,000.00"
910,2020-07-15,802,6700187582,994,Montreal,13,0,Visa,,"$15,000.00"
766,2020-07-16,779,1287738345,764,Toronto,11,0,American Express,,"$15,000.00"
805,2020-07-17,321,1885184660,709,Toronto,8,0,Visa,Attempted Fraud Detected,"$20,000.00"
222,2020-07-18,563,6402483203,433,Montreal,20,0,Visa,,"$5,000.00"
746,2020-07-19,117,2893065835,490,Montreal,21,0,American Express,,"$5,000.00"
257,2020-07-20,537,5165287140,564,Toronto,3,0,Visa,,"$15,000.00"
559,2020-07-21,764,4694476132,130,Ottawa,9,0,American Express,,"$15,000.00"
273,2020-07-22,849,9112844308,538,Toronto,13,0,Visa,Attempted Fraud Detected,"$20,000.00"
437,2020-07-23,650,4496527686,713,Calgary,6,0,Mastercard,Attempted Fraud Detected,"$20,000.00"
736,2020-07-24,662,6011695123,205,Calgary,1,0,Visa,,"$5,000.00"
295,2020-07-25,532,1026504575,487,Montreal,23,0,American Express,,"$10,000.00"
828,2020-07-26,847,9979385902,528,Toronto,1,0,Mastercard,Attempted Fraud Detected,"$20,000.00"
119,2020-07-27,369,7959708136,681,Toronto,18,0,American Express,,"$15,000.00"
530,2020-07-28,182,7333658369,187,Montreal,3,1,Visa,Multiple attempts to incorrectly enter the card number,"$30,000.00"
34,2020-07-29,561,9218611625,368,Toronto,1,0,Mastercard,,"$10,000.00"
86,2020-07-30,716,7885860008,737,Calgary,2,0,American Express,Attempted Fraud Detected,"$20,000.00"
628,2020-07-31,656,2950370039,685,Montreal,20,0,Visa,,"$5,000.00"
839,2020-08-01,754,1897313650,951,Montreal,0,0,Visa,Attempted Fraud Detected,"$20,000.00"
374,2020-08-02,200,4021238821,453,Montreal,17,0,Visa,Attempted Fraud Detected,"$20,000.00"
433,2020-08-03,842,8706246437,517,Montreal,1,0,American Express,Attempted Fraud Detected,"$20,000.00"
762,2020-08-04,664,1211774620,465,Toronto,15,1,American Express,Unusual or spammy email accounts,"$20,000.00"
821,2020-08-05,669,2913536380,423,Toronto,4,1,Mastercard,Series of declined transactions in a row,"$30,000.00"
482,2020-08-06,604,6230830208,433,Toronto,19,0,Visa,,"$10,000.00"
518,2020-08-07,367,9288773432,745,Toronto,11,0,Mastercard,Attempted Fraud Detected,"$20,000.00"
367,2020-08-08,448,7379643168,849,Montreal,0,0,Visa,,"$5,000.00"
980,2020-08-09,292,8138308878,531,Toronto,21,0,American Express,Attempted Fraud Detected,"$20,000.00"
146,2020-08-10,478,1570236901,818,Calgary,20,0,Visa,,"$10,000.00"
355,2020-08-11,723,5134909083,578,Toronto,12,0,Mastercard,,"$5,000.00"
5,2020-08-12,703,4050606105,236,Toronto,9,0,Visa,,"$10,000.00"
937,2020-08-13,393,7064417447,124,Toronto,15,0,Mastercard,,"$5,000.00"
969,2020-08-14,430,5660426554,622,Calgary,8,0,American Express,Attempted Fraud Detected,"$20,000.00"
40,2020-08-15,339,8460237927,205,Montreal,2,0,American Express,,"$10,000.00"
774,2020-08-16,285,5760559368,966,Ottawa,10,0,American Express,,"$15,000.00"
209,2020-08-17,59,1625461330,648,Toronto,2,0,American Express,,"$5,000.00"
336,2020-08-18,260,8354997831,751,Toronto,4,0,Visa,,"$10,000.00"
693,2020-08-19,1,8936335821,334,Toronto,7,1,Visa,An IP address that doesn't match the card address on file,"$20,000.00"
263,2020-08-20,290,5789563921,190,Calgary,16,1,American Express,Multiple attempts to incorrectly enter the card number,"$30,000.00"
626,2020-08-21,564,9415718596,556,Montreal,20,0,American Express,,"$15,000.00"
250,2020-08-22,303,6347461690,635,Toronto,21,0,Visa,Attempted Fraud Detected,"$20,000.00"
416,2020-08-23,779,2062725909,888,Montreal,19,0,Visa,,"$5,000.00"
953,2020-08-24,746,9538576057,863,Toronto,10,0,American Express,,"$5,000.00"
490,2020-08-25,359,4085022762,889,Montreal,23,1,Visa,"Same address, different cards","$20,000.00"
279,2020-08-26,737,1952705764,532,Calgary,13,0,American Express,,"$10,000.00"
91,2020-08-27,112,4282550948,817,Toronto,12,0,Mastercard,,"$10,000.00"
459,2020-08-28,412,6717769226,585,Calgary,22,0,Visa,,"$5,000.00"
132,2020-08-29,485,3203063514,660,Ottawa,19,0,Mastercard,Attempted Fraud Detected,"$20,000.00"
810,2020-08-30,642,5363779734,135,Montreal,7,0,American Express,Attempted Fraud Detected,"$20,000.00"
324,2020-08-31,199,7672411357,614,Calgary,16,0,Visa,Attempted Fraud Detected,"$20,000.00"
930,2020-09-01,539,8098476675,845,Calgary,23,0,Visa,Attempted Fraud Detected,"$20,000.00"
926,2020-09-02,327,5953153072,148,Montreal,19,0,Visa,,"$15,000.00"
668,2020-09-03,343,8446116285,446,Ottawa,6,0,American Express,,"$10,000.00"
648,2020-09-04,826,2167194236,668,Calgary,1,0,Mastercard,Attempted Fraud Detected,"$20,000.00"
182,2020-09-05,590,5843033124,423,Toronto,10,0,Visa,,"$5,000.00"
439,2020-09-06,524,6188676915,593,Montreal,1,0,American Express,,"$15,000.00"
418,2020-09-07,122,3975882037,351,Ottawa,3,0,Visa,,"$10,000.00"
290,2020-09-08,58,6531139771,784,Toronto,15,0,Mastercard,,"$15,000.00"
618,2020-09-09,890,1754525796,479,Toronto,7,0,Visa,,"$10,000.00"
505,2020-09-10,273,8781718193,254,Montreal,1,0,Visa,,"$10,000.00"
570,2020-09-11,998,9414522206,880,Calgary,9,0,American Express,,"$5,000.00"
721,2020-09-12,759,6395969918,507,Montreal,8,0,Mastercard,,"$15,000.00"
592,2020-09-13,225,1485098632,362,Toronto,12,0,Mastercard,Attempted Fraud Detected,"$20,000.00"
692,2020-09-14,138,9106713018,787,Toronto,8,0,Mastercard,,"$5,000.00"
539,2020-09-15,829,1528824629,643,Montreal,4,0,Mastercard,Attempted Fraud Detected,"$20,000.00"
684,2020-09-16,32,4107788545,373,Calgary,21,0,American Express,Attempted Fraud Detected,"$20,000.00"
574,2020-09-17,869,6777963052,902,Montreal,6,1,Mastercard,An IP address that doesn't match the card address on file,"$20,000.00"
236,2020-09-18,989,6218877127,921,Ottawa,5,1,Mastercard,Difference between shipping and billing addresses,"$20,000.00"
536,2020-09-19,878,6001300955,640,Calgary,8,0,Mastercard,Attempted Fraud Detected,"$20,000.00"
616,2020-09-20,925,2015255298,942,Montreal,18,1,Mastercard,An IP address that doesn't match the card address on file,"$20,000.00"
22,2020-09-21,987,6349546913,965,Toronto,21,0,Visa,,"$15,000.00"
859,2020-09-22,985,1214732913,153,Ottawa,2,0,Visa,Attempted Fraud Detected,"$20,000.00"
323,2020-09-23,167,7841986480,766,Toronto,22,0,American Express,,"$15,000.00"
995,2020-09-24,679,1783718665,650,Toronto,14,0,Visa,,"$5,000.00"
779,2020-09-25,850,5151546741,866,Toronto,2,0,Mastercard,Attempted Fraud Detected,"$20,000.00"
399,2020-09-26,766,9275882647,408,Ottawa,5,0,American Express,Attempted Fraud Detected,"$20,000.00"
